0.001438074,0.078127529,0.078127529,0.078127529,8.47E-05,0.078127529,-2.64E-05,0.078127529,123.2112954,0.052449706
0.00143162,0.078122686,0.078122686,0.078122686,7.49E-05,0.078122686,-2.59E-05,0.078122686,123.2459683,-0.052333835
0.001438744,0.078125629,0.078125629,0.078125629,8.01E-05,0.078125629,-2.77E-05,0.078125629,123.2139741,0.052294257
0.001437124,0.078122686,0.078122686,0.078122686,7.18E-05,0.078122686,-2.88E-05,0.078122686,123.2368486,-0.052166465
0.001433259,0.078124474,0.078124474,0.078124474,7.52E-05,0.078124474,-2.99E-05,0.078124474,123.2124091,0.052036289
0.001439862,0.078124315,0.078124315,0.078124315,7.38E-05,0.078124315,-2.76E-05,0.078124315,123.2438916,-0.051896098
0.001432905,0.078125414,0.078125414,0.078125414,8.12E-05,0.078125414,-2.35E-05,0.078125414,123.2124692,0.052021983
0.001438744,0.078125191,0.078125191,0.078125191,8.15E-05,0.078125191,-2.63E-05,0.078125191,123.244042,-0.051761153
0.001437813,0.078125284,0.078125284,0.078125284,7.93E-05,0.078125284,-2.52E-05,0.078125284,123.2115964,0.051945689
0.001435997,0.078122732,0.078122732,0.078122732,8.29E-05,0.078122732,-2.60E-05,0.078122732,123.244644,-0.051578048
0.001436034,0.078124548,0.078124548,0.078124548,8.21E-05,0.078124548,-2.62E-05,0.078124548,123.2139741,0.051708701
0.001434963,0.078122993,0.078122993,0.078122993,7.87E-05,0.078122993,-2.81E-05,0.078122993,123.2498209,-0.051619533
0.001434591,0.078124604,0.078124604,0.078124604,8.11E-05,0.078124604,-3.29E-05,0.078124604,123.2166228,0.051473621
0.001438223,0.078125386,0.078125386,0.078125386,7.97E-05,0.078125386,-2.37E-05,0.078125386,123.2356447,-0.051498416
0.001432709,0.078125182,0.078125182,0.078125182,7.70E-05,0.078125182,-2.50E-05,0.078125182,123.214847,0.051421645
0.001437441,0.078124558,0.078124558,0.078124558,7.35E-05,0.078124558,-2.36E-05,0.078124558,123.2404002,-0.051181319
0.001437254,0.078123272,0.078123272,0.078123272,7.50E-05,0.078123272,-3.02E-05,0.078123272,123.2132819,0.051293853
0.001435885,0.078126476,0.078126476,0.078126476,8.00E-05,0.078126476,-2.21E-05,0.078126476,123.2427779,-0.051296237
0.001434591,0.078126979,0.078126979,0.078126979,7.79E-05,0.078126979,-2.41E-05,0.078126979,123.2166228,0.051112178
0.001441203,0.078126793,0.078126793,0.078126793,7.75E-05,0.078126793,-2.12E-05,0.078126793,123.2350427,-0.051054481
0.001436398,0.078126132,0.078126132,0.078126132,7.77E-05,0.078126132,-2.78E-05,0.078126132,123.2186995,0.051182273
0.001435466,0.078125638,0.078125638,0.078125638,7.82E-05,0.078125638,-2.39E-05,0.078125638,123.2432896,-0.050877097
0.001436547,0.078123868,0.078123868,0.078123868,7.57E-05,0.078123868,-2.52E-05,0.078123868,123.2133722,0.051034454
0.001439527,0.078127249,0.078127249,0.078127249,8.25E-05,0.078127249,-2.17E-05,0.078127249,123.248647,-0.050608638
0.001433203,0.078124837,0.078124837,0.078124837,8.27E-05,0.078124837,-3.00E-05,0.078124837,123.2112051,0.050757411
0.001438297,0.078128609,0.078128609,0.078128609,8.32E-05,0.078128609,-2.22E-05,0.078128609,123.2418148,-0.050632003
0.001432747,0.078122313,0.078122313,0.078122313,8.24E-05,0.078122313,-2.81E-05,0.078122313,123.2190005,0.050714496
0.0014403,0.078128665,0.078128665,0.078128665,8.58E-05,0.078128665,-2.11E-05,0.078128665,123.2359457,-0.050441268
0.001433855,0.078120925,0.078120925,0.078120925,7.70E-05,0.078120925,-3.38E-05,0.078120925,123.2100313,0.050743583
0.001447816,0.078126951,0.078126951,0.078126951,8.19E-05,0.078126951,-2.24E-05,0.078126951,123.2480451,-0.050658229
0.001433063,0.07812425,0.07812425,0.07812425,7.89E-05,0.07812425,-2.80E-05,0.07812425,123.2073526,0.050580028
0.001436118,0.078123542,0.078123542,0.078123542,7.36E-05,0.078123542,-2.78E-05,0.078123542,123.2392264,-0.050343516
0.001439955,0.078125182,0.078125182,0.078125182,7.86E-05,0.078125182,-2.43E-05,0.078125182,123.2135829,0.050302508
0.001439517,0.078125768,0.078125768,0.078125768,7.96E-05,0.078125768,-2.23E-05,0.078125768,123.2495199,-0.050204757
0.001439368,0.078127007,0.078127007,0.078127007,7.92E-05,0.078127007,-2.14E-05,0.078127007,123.214546,0.050298217
0.001435364,0.078124576,0.078124576,0.078124576,7.24E-05,0.078124576,-2.48E-05,0.078124576,123.2400992,-0.050057414
0.001438148,0.078125293,0.078125293,0.078125293,8.08E-05,0.078125293,-2.79E-05,0.078125293,123.2190005,0.050068858
0.001440793,0.078126225,0.078126225,0.078126225,7.89E-05,0.078126225,-2.29E-05,0.078126225,123.2389254,-0.049925807
0.001436956,0.078125834,0.078125834,0.078125834,8.68E-05,0.078125834,-2.41E-05,0.078125834,123.2208064,0.049904349
0.001436668,0.078124744,0.078124744,0.078124744,7.90E-05,0.078124744,-2.18E-05,0.078124744,123.2359457,-0.049865726
0.001434777,0.078124604,0.078124604,0.078124604,8.08E-05,0.078124604,-2.70E-05,0.078124604,123.215148,0.049967292
0.001439285,0.078125284,0.078125284,0.078125284,8.25E-05,0.078125284,-2.27E-05,0.078125284,123.2501218,-0.049643996
0.001433902,0.078124185,0.078124185,0.078124185,7.98E-05,0.078124185,-2.72E-05,0.078124185,123.214847,0.049894813
0.001436845,0.078126374,0.078126374,0.078126374,8.47E-05,0.078126374,-2.49E-05,0.078126374,123.2383234,-0.04961777
0.001431648,0.078125573,0.078125573,0.078125573,8.33E-05,0.078125573,-2.82E-05,0.078125573,123.2141848,0.049648765
0.001438065,0.078124697,0.078124697,0.078124697,7.83E-05,0.078124697,-2.43E-05,0.078124697,123.2377215,-0.049577716
0.001434255,0.078121382,0.078121382,0.078121382,7.62E-05,0.078121382,-3.24E-05,0.078121382,123.2190005,0.049367431
0.001441073,0.078127054,0.078127054,0.078127054,7.74E-05,0.078127054,-2.21E-05,0.078127054,123.244343,-0.049449924
0.001437767,0.078126411,0.078126411,0.078126411,8.23E-05,0.078126411,-2.65E-05,0.078126411,123.2163519,0.049469474
0.001436938,0.078125033,0.078125033,0.078125033,7.42E-05,0.078125033,-2.39E-05,0.078125033,123.2468713,-0.049032691
0.001433231,0.07812425,0.07812425,0.07812425,7.42E-05,0.07812425,-2.59E-05,0.07812425,123.2160509,0.049193862
0.0014403,0.078126485,0.078126485,0.078126485,8.02E-05,0.078126485,-2.38E-05,0.078126485,123.244042,-0.049102309
0.001432663,0.078123645,0.078123645,0.078123645,7.57E-05,0.078123645,-2.80E-05,0.078123645,123.2157499,0.049400333
0.001439806,0.078126215,0.078126215,0.078126215,8.01E-05,0.078126215,-2.00E-05,0.078126215,123.2462693,-0.049157622
0.00143772,0.078126215,0.078126215,0.078126215,8.40E-05,0.078126215,-2.29E-05,0.078126215,123.2082555,0.049051765
0.001438083,0.078123645,0.078123645,0.078123645,8.28E-05,0.078123645,-2.73E-05,0.078123645,123.2424168,-0.048932078
0.001436519,0.078125983,0.078125983,0.078125983,8.46E-05,0.078125983,-2.47E-05,0.078125983,123.2133722,0.049013141
0.001433529,0.078122313,0.078122313,0.078122313,7.71E-05,0.078122313,-2.90E-05,0.078122313,123.2356447,-0.048790935
0.001431545,0.07812181,0.07812181,0.07812181,8.21E-05,0.07812181,-2.86E-05,0.07812181,123.2160509,0.048794749
0.001437748,0.078124027,0.078124027,0.078124027,7.92E-05,0.078124027,-2.71E-05,0.078124027,123.2462693,-0.048785213
0.001441753,0.0781271,0.0781271,0.0781271,7.87E-05,0.0781271,-2.71E-05,0.0781271,123.2138839,0.048736575
0.00143745,0.07812805,0.07812805,0.07812805,8.09E-05,0.07812805,-1.75E-05,0.07812805,123.248948,-0.04859257
0.001432756,0.078122872,0.078122872,0.078122872,7.65E-05,0.078122872,-2.54E-05,0.078122872,123.2192413,0.048645022
0.001442805,0.078126374,0.078126374,0.078126374,8.07E-05,0.078126374,-2.45E-05,0.078126374,123.2389254,-0.048238757
0.001429124,0.078122145,0.078122145,0.078122145,7.29E-05,0.078122145,-3.06E-05,0.078122145,123.2124091,0.048581126
0.001436649,0.078125768,0.078125768,0.078125768,7.85E-05,0.078125768,-2.58E-05,0.078125768,123.2344709,-0.048370841
0.001429943,0.078121196,0.078121196,0.078121196,7.47E-05,0.078121196,-3.27E-05,0.078121196,123.2129809,0.048453811
0.001438102,0.078124949,0.078124949,0.078124949,7.86E-05,0.078124949,-2.32E-05,0.078124949,123.244343,-0.048081401
0.001437124,0.078124967,0.078124967,0.078124967,7.97E-05,0.078124967,-2.77E-05,0.078124967,123.2106333,0.048162463
0.001437143,0.078125293,0.078125293,0.078125293,7.86E-05,0.078125293,-2.48E-05,0.078125293,123.2380826,-0.048101905
0.001434144,0.078126336,0.078126336,0.078126336,8.28E-05,0.078126336,-2.64E-05,0.078126336,123.2129809,0.048122409
0.001434879,0.078124884,0.078124884,0.078124884,8.11E-05,0.078124884,-2.61E-05,0.078124884,123.2428381,-0.048146728
0.001434069,0.078124278,0.078124278,0.078124278,8.10E-05,0.078124278,-3.10E-05,0.078124278,123.2190005,0.048132422
0.001437469,0.078123161,0.078123161,0.078123161,7.44E-05,0.078123161,-2.59E-05,0.078123161,123.2456673,-0.047901633
0.001433836,0.078124632,0.078124632,0.078124632,7.70E-05,0.078124632,-2.92E-05,0.078124632,123.2186995,0.047614577
0.001435038,0.078123943,0.078123943,0.078123943,7.81E-05,0.078123943,-2.81E-05,0.078123943,123.2407012,-0.047945979
0.001437366,0.078126318,0.078126318,0.078126318,8.07E-05,0.078126318,-2.66E-05,0.078126318,123.215148,0.047948363
0.001432905,0.078120395,0.078120395,0.078120395,7.17E-05,0.078120395,-3.06E-05,0.078120395,123.244343,-0.047521594
0.001431247,0.07812331,0.07812331,0.07812331,7.50E-05,0.07812331,-3.40E-05,0.07812331,123.2193015,0.047813418
0.001438242,0.078127063,0.078127063,0.078127063,7.62E-05,0.078127063,-2.13E-05,0.078127063,123.2495199,-0.047349456
0.001441045,0.078126048,0.078126048,0.078126048,7.85E-05,0.078126048,-2.69E-05,0.078126048,123.2144858,0.047691825
0.001435829,0.078122499,0.078122499,0.078122499,7.70E-05,0.078122499,-2.67E-05,0.078122499,123.2431391,-0.047338489
0.001439424,0.078126038,0.078126038,0.078126038,8.14E-05,0.078126038,-2.53E-05,0.078126038,123.2166228,0.047417167
0.001433147,0.078122807,0.078122807,0.078122807,8.17E-05,0.078122807,-2.70E-05,0.078122807,123.2501218,-0.047418597
0.00142972,0.078122937,0.078122937,0.078122937,8.18E-05,0.078122937,-3.19E-05,0.078122937,123.2202044,0.047452929
0.001437906,0.078127855,0.078127855,0.078127855,8.28E-05,0.078127855,-2.52E-05,0.078127855,123.2429886,-0.047058108
0.001433361,0.078121214,0.078121214,0.078121214,7.98E-05,0.078121214,-3.32E-05,0.078121214,123.2132819,0.047403338
0.001433399,0.07812357,0.07812357,0.07812357,7.55E-05,0.07812357,-2.90E-05,0.07812357,123.2353437,-0.047099593
0.001431014,0.078122797,0.078122797,0.078122797,7.62E-05,0.078122797,-3.02E-05,0.078122797,123.2184287,0.047272685
0.001435634,0.078125396,0.078125396,0.078125396,7.82E-05,0.078125396,-2.47E-05,0.078125396,123.2418148,-0.046952727
0.001430726,0.078123384,0.078123384,0.078123384,8.17E-05,0.078123384,-3.00E-05,0.078123384,123.2079545,0.047092917
0.00143582,0.078125042,0.078125042,0.078125042,7.68E-05,0.078125042,-2.73E-05,0.078125042,123.2495199,-0.046882632
0.001437487,0.07812507,0.07812507,0.07812507,7.51E-05,0.07812507,-2.58E-05,0.07812507,123.2184287,0.047032359
0.001432644,0.078122937,0.078122937,0.078122937,7.44E-05,0.078122937,-2.50E-05,0.078122937,123.2410021,-0.046851161
0.001437049,0.078129298,0.078129298,0.078129298,8.24E-05,0.078129298,-2.48E-05,0.078129298,123.2153587,0.046798232
0.001438083,0.078125163,0.078125163,0.078125163,8.08E-05,0.078125163,-2.58E-05,0.078125163,123.2495199,-0.046777251
0.001431052,0.078119827,0.078119827,0.078119827,7.22E-05,0.078119827,-3.15E-05,0.078119827,123.2135829,0.046731952
0.001436444,0.078123608,0.078123608,0.078123608,7.67E-05,0.078123608,-2.52E-05,0.078123608,123.2444935,-0.046712401
0.00143352,0.07812358,0.07812358,0.07812358,8.05E-05,0.07812358,-2.94E-05,0.07812358,123.2154489,0.046858313
0.001437003,0.078125126,0.078125126,0.078125126,8.10E-05,0.078125126,-2.29E-05,0.078125126,123.2456673,-0.046219352
0.001437906,0.078125061,0.078125061,0.078125061,8.01E-05,0.078125061,-2.61E-05,0.078125061,123.2141848,0.046647551
0.00143189,0.078123924,0.078123924,0.078123924,7.87E-05,0.078123924,-2.78E-05,0.078123924,123.244343,-0.046321872
0.001431583,0.078121801,0.078121801,0.078121801,7.99E-05,0.078121801,-2.91E-05,0.078121801,123.2228832,0.04656792
0.001436966,0.078123319,0.078123319,0.078123319,7.91E-05,0.078123319,-3.06E-05,0.078123319,123.2444935,-0.046270373
0.001436174,0.078125992,0.078125992,0.078125992,7.73E-05,0.078125992,-2.77E-05,0.078125992,123.2165626,0.046433928
0.001437757,0.078124884,0.078124884,0.078124884,7.67E-05,0.078124884,-2.70E-05,0.078124884,123.2501218,-0.046257022
0.00143135,0.078123515,0.078123515,0.078123515,7.92E-05,0.078123515,-2.69E-05,0.078123515,123.2127702,0.046306136
0.001438828,0.078125899,0.078125899,0.078125899,7.95E-05,0.078125899,-2.51E-05,0.078125899,123.2504228,-0.046246055
0.001437925,0.078127817,0.078127817,0.078127817,8.02E-05,0.078127817,-2.50E-05,0.078127817,123.2172247,0.046365264
0.001433101,0.07812262,0.07812262,0.07812262,7.54E-05,0.07812262,-2.95E-05,0.07812262,123.248647,-0.046119693
0.001434218,0.07812236,0.07812236,0.07812236,8.26E-05,0.07812236,-2.86E-05,0.07812236,123.2169238,0.046378138
0.001436593,0.07812426,0.07812426,0.07812426,7.87E-05,0.07812426,-2.58E-05,0.07812426,123.2458178,-0.045856955
0.001439937,0.078124437,0.078124437,0.078124437,8.19E-05,0.078124437,-2.42E-05,0.078124437,123.2181277,0.046097758
0.001435708,0.078125806,0.078125806,0.078125806,8.50E-05,0.078125806,-2.14E-05,0.078125806,123.2383234,-0.045935634
0.001434982,0.078123291,0.078123291,0.078123291,7.83E-05,0.078123291,-2.45E-05,0.078123291,123.224358,0.046084884
0.00143514,0.078126504,0.078126504,0.078126504,7.96E-05,0.078126504,-2.10E-05,0.078126504,123.241574,-0.045683864
0.001436062,0.07812683,0.07812683,0.07812683,8.71E-05,0.07812683,-2.69E-05,0.07812683,123.2178267,0.045845988
0.001435895,0.078124744,0.078124744,0.078124744,8.00E-05,0.078124744,-2.84E-05,0.078124744,123.2456673,-0.045604232
0.001435084,0.078125144,0.078125144,0.078125144,8.28E-05,0.078125144,-2.65E-05,0.078125144,123.2174655,0.045866015
0.001437776,0.078125135,0.078125135,0.078125135,7.83E-05,0.078125135,-2.43E-05,0.078125135,123.2441925,-0.045535567
0.001436854,0.078125629,0.078125629,0.078125629,7.57E-05,0.078125629,-2.57E-05,0.078125629,123.2147868,0.045682433
0.001435885,0.078123906,0.078123906,0.078123906,7.58E-05,0.078123906,-2.70E-05,0.078123906,123.2447945,-0.04543114
0.001435103,0.078122602,0.078122602,0.078122602,7.21E-05,0.078122602,-2.86E-05,0.078122602,123.2132819,0.045432093
0.001433147,0.078124669,0.078124669,0.078124669,7.41E-05,0.078124669,-2.48E-05,0.078124669,123.2428381,-0.045250418
0.001436053,0.078126616,0.078126616,0.078126616,8.04E-05,0.078126616,-2.45E-05,0.078126616,123.2121081,0.04532099
0.00143609,0.078126253,0.078126253,0.078126253,7.80E-05,0.078126253,-2.29E-05,0.078126253,123.2462693,-0.045317176
0.001434749,0.078124865,0.078124865,0.078124865,7.76E-05,0.078124865,-2.49E-05,0.078124865,123.2147868,0.045491221
0.001436574,0.078123766,0.078123766,0.078123766,8.06E-05,0.078123766,-2.42E-05,0.078123766,123.2483461,-0.045125964
0.001430065,0.078121,0.078121,0.078121,7.77E-05,0.078121,-3.14E-05,0.078121,123.224358,0.045412543
0.001437571,0.078124111,0.078124111,0.078124111,7.89E-05,0.078124111,-2.46E-05,0.078124111,123.2507238,-0.045007708
0.00143203,0.078123086,0.078123086,0.078123086,8.21E-05,0.078123086,-3.07E-05,0.078123086,123.2144858,0.04534674
0.00143324,0.078122555,0.078122555,0.078122555,7.13E-05,0.078122555,-2.87E-05,0.078122555,123.2474431,-0.045194152
0.001436593,0.07812642,0.07812642,0.07812642,8.32E-05,0.07812642,-2.41E-05,0.07812642,123.2264347,0.045196536
0.001441455,0.078129214,0.078129214,0.078129214,8.27E-05,0.078129214,-2.13E-05,0.078129214,123.2539142,-0.04504967
0.001438521,0.078126234,0.078126234,0.078126234,7.85E-05,0.078126234,-2.67E-05,0.078126234,123.2163519,0.045177462
0.001435811,0.078124306,0.078124306,0.078124306,7.30E-05,0.078124306,-2.83E-05,0.078124306,123.2513258,-0.044713023
0.001435764,0.078125861,0.078125861,0.078125861,7.78E-05,0.078125861,-2.41E-05,0.078125861,123.2288125,0.045107367
0.001431694,0.078121596,0.078121596,0.078121596,7.25E-05,0.078121596,-2.73E-05,0.078121596,123.2422663,-0.044723037
0.001432188,0.078123058,0.078123058,0.078123058,7.53E-05,0.078123058,-3.14E-05,0.078123058,123.2193015,0.044893744
0.00143731,0.078125498,0.078125498,0.078125498,7.51E-05,0.078125498,-2.44E-05,0.078125498,123.248647,-0.044617656
0.001433799,0.07812412,0.07812412,0.07812412,8.40E-05,0.07812412,-2.87E-05,0.07812412,123.2153587,0.044874671
0.001436872,0.078122583,0.078122583,0.078122583,8.08E-05,0.078122583,-2.47E-05,0.078122583,123.2483461,-0.044425967
0.001436006,0.078125368,0.078125368,0.078125368,8.61E-05,0.078125368,-2.40E-05,0.078125368,123.2159606,0.044578078
0.001441781,0.078125964,0.078125964,0.078125964,8.30E-05,0.078125964,-2.35E-05,0.078125964,123.2400992,-0.04437876
0.001433222,0.078124232,0.078124232,0.078124232,8.29E-05,0.078124232,-2.67E-05,0.078124232,123.2178267,0.044427874
0.001439098,0.078124697,0.078124697,0.078124697,7.76E-05,0.078124697,-2.53E-05,0.078124697,123.2515364,-0.044315341
0.001433063,0.078122537,0.078122537,0.078122537,7.77E-05,0.078122537,-3.19E-05,0.078122537,123.2225822,0.0444541
0.001440682,0.078123831,0.078123831,0.078123831,8.06E-05,0.078123831,-2.91E-05,0.078123831,123.2530112,-0.044215682
0.001437785,0.078127668,0.078127668,0.078127668,8.20E-05,0.078127668,-2.39E-05,0.078127668,123.224358,0.044622901
0.001434954,0.078125433,0.078125433,0.078125433,7.41E-05,0.078125433,-2.48E-05,0.078125433,123.2477441,-0.044093135
0.001432384,0.078122686,0.078122686,0.078122686,7.54E-05,0.078122686,-2.89E-05,0.078122686,123.2219802,0.044385436
0.001434349,0.078120721,0.078120721,0.078120721,7.28E-05,0.078120721,-2.73E-05,0.078120721,123.248948,-0.043906691
0.001437487,0.078125517,0.078125517,0.078125517,8.10E-05,0.078125517,-2.59E-05,0.078125517,123.223455,0.044138434
0.001437171,0.078126653,0.078126653,0.078126653,8.22E-05,0.078126653,-2.30E-05,0.078126653,123.2495199,-0.043853286
0.001437506,0.078127082,0.078127082,0.078127082,7.94E-05,0.078127082,-2.24E-05,0.078127082,123.2208064,0.044071677
0.00143636,0.078124958,0.078124958,0.078124958,8.51E-05,0.078124958,-2.45E-05,0.078124958,123.248948,-0.043779853
0.001433287,0.07812385,0.07812385,0.07812385,8.42E-05,0.07812385,-2.85E-05,0.07812385,123.2168636,0.043889525
0.001441743,0.078128907,0.078128907,0.078128907,8.42E-05,0.078128907,-2.12E-05,0.078128907,123.249249,-0.043813708
0.00143853,0.078125293,0.078125293,0.078125293,8.27E-05,0.078125293,-2.71E-05,0.078125293,123.2138839,0.044012072
0.001437096,0.078121214,0.078121214,0.078121214,7.79E-05,0.078121214,-2.88E-05,0.078121214,123.248647,-0.043653014
0.001434609,0.078121661,0.078121661,0.078121661,7.57E-05,0.078121661,-3.42E-05,0.078121661,123.2308892,0.043779376
0.001443708,0.078125871,0.078125871,0.078125871,8.11E-05,0.078125871,-2.46E-05,0.078125871,123.248647,-0.043431761
0.001436165,0.07812398,0.07812398,0.07812398,7.83E-05,0.07812398,-3.15E-05,0.07812398,123.2231841,0.043705943
0.001437152,0.078125871,0.078125871,0.078125871,7.68E-05,0.078125871,-2.24E-05,0.078125871,123.2501218,-0.043339255
0.001434684,0.078125917,0.078125917,0.078125917,7.85E-05,0.078125917,-2.55E-05,0.078125917,123.2311902,0.043580058
0.00143664,0.078124055,0.078124055,0.078124055,7.11E-05,0.078124055,-2.40E-05,0.078124055,123.2495199,-0.043243411
0.001431583,0.07812141,0.07812141,0.07812141,7.40E-05,0.07812141,-3.00E-05,0.07812141,123.2239968,0.043616774
0.001434842,0.078123906,0.078123906,0.078123906,7.57E-05,0.078123906,-2.71E-05,0.078123906,123.2483461,-0.04292393
0.001436239,0.078124474,0.078124474,0.078124474,7.85E-05,0.078124474,-2.75E-05,0.078124474,123.2222812,0.043267253
0.00143718,0.078122667,0.078122667,0.078122667,7.89E-05,0.078122667,-2.80E-05,0.078122667,123.244343,-0.043265345
0.001435001,0.078124418,0.078124418,0.078124418,7.78E-05,0.078124418,-2.92E-05,0.078124418,123.2190005,0.043121817
0.001436686,0.078124763,0.078124763,0.078124763,7.76E-05,0.078124763,-2.28E-05,0.078124763,123.2471722,-0.043068412
0.001437729,0.078125554,0.078125554,0.078125554,8.25E-05,0.078125554,-3.00E-05,0.078125554,123.2219802,0.043154719
0.001434973,0.078123095,0.078123095,0.078123095,8.00E-05,0.078123095,-2.84E-05,0.078123095,123.2468713,-0.043023589
0.001431899,0.078124073,0.078124073,0.078124073,8.11E-05,0.078124073,-3.08E-05,0.078124073,123.2261337,0.043073657
0.001434824,0.078125088,0.078125088,0.078125088,7.64E-05,0.078125088,-2.29E-05,0.078125088,123.2542754,-0.04298878
0.001438325,0.078126411,0.078126411,0.078126411,7.90E-05,0.078126411,-2.62E-05,0.078126411,123.2264347,0.042828562
0.001437785,0.078126458,0.078126458,0.078126458,7.72E-05,0.078126458,-2.38E-05,0.078126458,123.249249,-0.042636874
0.001439508,0.078126653,0.078126653,0.078126653,7.89E-05,0.078126653,-2.63E-05,0.078126653,123.2219802,0.042907241
0.0014388,0.078125172,0.078125172,0.078125172,6.94E-05,0.078125172,-2.53E-05,0.078125172,123.248948,-0.042592528
0.001433194,0.078122732,0.078122732,0.078122732,7.40E-05,0.078122732,-3.17E-05,0.078122732,123.2279095,0.042570594
0.001440412,0.078124474,0.078124474,0.078124474,7.84E-05,0.078124474,-2.32E-05,0.078124474,123.2524996,-0.042592051
0.001432113,0.078125088,0.078125088,0.078125088,7.65E-05,0.078125088,-2.62E-05,0.078125088,123.2190005,0.042655947
0.001436193,0.078124157,0.078124157,0.078124157,7.46E-05,0.078124157,-2.75E-05,0.078124157,123.2480451,-0.042435649
0.001436221,0.078124148,0.078124148,0.078124148,8.14E-05,0.078124148,-2.63E-05,0.078124148,123.2205054,0.042402747
0.001436658,0.07812209,0.07812209,0.07812209,7.73E-05,0.07812209,-2.67E-05,0.07812209,123.2525899,-0.042365077
0.001435634,0.078124725,0.078124725,0.078124725,8.34E-05,0.078124725,-2.49E-05,0.078124725,123.2249599,0.042619708
0.001433417,0.078124008,0.078124008,0.078124008,7.94E-05,0.078124008,-2.75E-05,0.078124008,123.2533122,-0.042311194
0.001430912,0.078122732,0.078122732,0.078122732,7.88E-05,0.078122732,-2.91E-05,0.078122732,123.2288125,0.042610648
0.001434889,0.078125806,0.078125806,0.078125806,7.97E-05,0.078125806,-2.31E-05,0.078125806,123.2495199,-0.041875842
0.00143569,0.078124576,0.078124576,0.078124576,7.89E-05,0.078124576,-3.14E-05,0.078124576,123.2273377,0.042335513
0.001437478,0.078125135,0.078125135,0.078125135,7.64E-05,0.078125135,-2.40E-05,0.078125135,123.2539142,-0.041893962
0.001437534,0.078126765,0.078126765,0.078126765,7.64E-05,0.078126765,-2.75E-05,0.078126765,123.2216792,0.042357447
0.001437664,0.078126448,0.078126448,0.078126448,8.37E-05,0.078126448,-2.34E-05,0.078126448,123.2501218,-0.041816237
0.001438586,0.078128469,0.078128469,0.078128469,8.22E-05,0.078128469,-2.50E-05,0.078128469,123.2276386,0.041955474
0.001434609,0.078124055,0.078124055,0.078124055,7.68E-05,0.078124055,-2.52E-05,0.078124055,123.2548171,-0.041807654
0.001433818,0.07812547,0.07812547,0.07812547,7.62E-05,0.07812547,-2.51E-05,0.07812547,123.2276386,0.041971686
0.001438977,0.078126569,0.078126569,0.078126569,7.70E-05,0.078126569,-1.92E-05,0.078126569,123.2477441,-0.041420462
0.001435271,0.078121829,0.078121829,0.078121829,7.55E-05,0.078121829,-2.52E-05,0.078121829,123.2276386,0.041738036
0.001438987,0.078126029,0.078126029,0.078126029,8.07E-05,0.078126029,-2.50E-05,0.078126029,123.2516267,-0.041379454
0.001435811,0.078123841,0.078123841,0.078123841,7.82E-05,0.078123841,-3.11E-05,0.078123841,123.223455,0.041662696
0.001436966,0.078127082,0.078127082,0.078127082,8.34E-05,0.078127082,-2.34E-05,0.078127082,123.2459683,-0.041519644
0.001434796,0.07812385,0.07812385,0.07812385,8.22E-05,0.07812385,-3.03E-05,0.07812385,123.2192413,0.041585448
0.001439368,0.07812683,0.07812683,0.07812683,8.33E-05,0.07812683,-2.75E-05,0.07812683,123.2516869,-0.041457656
0.00143921,0.078125554,0.078125554,0.078125554,8.01E-05,0.078125554,-2.87E-05,0.078125554,123.223455,0.041422846
0.001439247,0.078125917,0.078125917,0.078125917,7.66E-05,0.078125917,-2.73E-05,0.078125917,123.2501218,-0.041160109
0.001434339,0.078123496,0.078123496,0.078123496,7.52E-05,0.078123496,-3.18E-05,0.078123496,123.2285115,0.04139519
0.001439909,0.078126569,0.078126569,0.078126569,7.84E-05,0.078126569,-2.21E-05,0.078126569,123.2534627,-0.04119158
0.001437925,0.078127575,0.078127575,0.078127575,8.16E-05,0.078127575,-2.50E-05,0.078127575,123.233267,0.041354182
0.001438735,0.078126038,0.078126038,0.078126038,7.66E-05,0.078126038,-2.56E-05,0.078126038,123.2524996,-0.040826323
0.001435159,0.078122816,0.078122816,0.078122816,7.52E-05,0.078122816,-3.28E-05,0.078122816,123.2249599,0.041251662
0.001439257,0.078125386,0.078125386,0.078125386,7.59E-05,0.078125386,-2.39E-05,0.078125386,123.2477441,-0.040950301
0.00143338,0.078122676,0.078122676,0.078122676,7.29E-05,0.078122676,-2.89E-05,0.078122676,123.2184287,0.040797713
0.001438316,0.078121969,0.078121969,0.078121969,7.65E-05,0.078121969,-2.91E-05,0.078121969,123.2562919,-0.040719988
0.001433082,0.078121838,0.078121838,0.078121838,7.69E-05,0.078121838,-3.20E-05,0.078121838,123.224057,0.04101229
0.001440533,0.078125191,0.078125191,0.078125191,8.19E-05,0.078125191,-2.24E-05,0.078125191,123.2528608,-0.040715697
0.001437441,0.078124986,0.078124986,0.078124986,8.46E-05,0.078124986,-2.67E-05,0.078124986,123.2300164,0.041074755
0.001437739,0.078122844,0.078122844,0.078122844,7.48E-05,0.078122844,-2.71E-05,0.078122844,123.2413031,-0.040588381
0.001435326,0.078124418,0.078124418,0.078124418,7.74E-05,0.078124418,-3.12E-05,0.078124418,123.2300164,0.04064894
0.00143772,0.078126187,0.078126187,0.078126187,8.30E-05,0.078126187,-2.14E-05,0.078126187,123.2536132,-0.040384295
0.001436956,0.078126988,0.078126988,0.078126988,8.08E-05,0.078126988,-2.71E-05,0.078126988,123.2210171,0.040607932
0.001438065,0.078124604,0.078124604,0.078124604,7.50E-05,0.078124604,-2.54E-05,0.078124604,123.2507238,-0.040467742
0.001437087,0.078124232,0.078124232,0.078124232,7.62E-05,0.078124232,-2.73E-05,0.078124232,123.2273377,0.040734294
0.001435243,0.078122602,0.078122602,0.078122602,7.07E-05,0.078122602,-2.77E-05,0.078122602,123.2542754,-0.040246489
0.001436295,0.078123058,0.078123058,0.078123058,7.11E-05,0.078123058,-2.68E-05,0.078123058,123.2255318,0.040426734
0.001438409,0.07812561,0.07812561,0.07812561,8.25E-05,0.07812561,-2.41E-05,0.07812561,123.2518976,-0.03991318
0.001434414,0.078124064,0.078124064,0.078124064,7.94E-05,0.078124064,-2.97E-05,0.078124064,123.2276386,0.040347579
0.001438549,0.078123766,0.078123766,0.078123766,7.87E-05,0.078123766,-2.43E-05,0.078123766,123.2498209,-0.039996626
0.001438074,0.078127799,0.078127799,0.078127799,8.18E-05,0.078127799,-2.61E-05,0.078127799,123.2205054,0.039998057
0.001437068,0.078124641,0.078124641,0.078124641,7.88E-05,0.078124641,-2.26E-05,0.078124641,123.2521986,-0.039864542
0.00143786,0.078124288,0.078124288,0.078124288,7.95E-05,0.078124288,-2.79E-05,0.078124288,123.2228832,0.040245535
0.001436006,0.078124111,0.078124111,0.078124111,7.96E-05,0.078124111,-3.02E-05,0.078124111,123.2487072,-0.039665701
0.00143447,0.078125303,0.078125303,0.078125303,8.06E-05,0.078125303,-2.69E-05,0.078125303,123.224358,0.039749625
0.001435597,0.078122211,0.078122211,0.078122211,7.69E-05,0.078122211,-2.99E-05,0.078122211,123.2498209,-0.039836886
0.001437795,0.078123412,0.078123412,0.078123412,7.90E-05,0.078123412,-3.23E-05,0.078123412,123.2300164,0.039607527
0.00143813,0.078122667,0.078122667,0.078122667,7.41E-05,0.078122667,-3.19E-05,0.078122667,123.2531617,-0.039310458
0.001433864,0.078125927,0.078125927,0.078125927,8.14E-05,0.078125927,-2.84E-05,0.078125927,123.2279095,0.039670947
0.001437413,0.078124939,0.078124939,0.078124939,7.59E-05,0.078124939,-2.32E-05,0.078124939,123.2549676,-0.039715292
0.001433408,0.078125433,0.078125433,0.078125433,7.39E-05,0.078125433,-2.74E-05,0.078125433,123.2279095,0.039563181
0.001438288,0.078127258,0.078127258,0.078127258,7.78E-05,0.078127258,-2.52E-05,0.078127258,123.2498209,-0.039405348
0.001431303,0.078125051,0.078125051,0.078125051,7.52E-05,0.078125051,-3.00E-05,0.078125051,123.2288125,0.039710047
0.001439117,0.078126187,0.078126187,0.078126187,8.00E-05,0.078126187,-2.61E-05,0.078126187,123.2521986,-0.039378169
0.001439471,0.078126402,0.078126402,0.078126402,8.06E-05,0.078126402,-2.31E-05,0.078126402,123.2270367,0.039263251
0.00144003,0.078125712,0.078125712,0.078125712,7.68E-05,0.078125712,-2.47E-05,0.078125712,123.2518976,-0.039062502
0.001433119,0.078122369,0.078122369,0.078122369,7.68E-05,0.078122369,-3.20E-05,0.078122369,123.2199035,0.039404395
0.00143623,0.078125303,0.078125303,0.078125303,7.73E-05,0.078125303,-2.38E-05,0.078125303,123.2498209,-0.038770201
0.001435336,0.078126327,0.078126327,0.078126327,7.78E-05,0.078126327,-2.77E-05,0.078126327,123.2305882,0.039126875
0.001439732,0.078126048,0.078126048,0.078126048,8.12E-05,0.078126048,-2.59E-05,0.078126048,123.2498209,-0.038914206
0.001441212,0.078127696,0.078127696,0.078127696,7.91E-05,0.078127696,-3.12E-05,0.078127696,123.2261337,0.039046767
0.001433976,0.07812371,0.07812371,0.07812371,7.68E-05,0.07812371,-2.92E-05,0.07812371,123.2588202,-0.038921359
0.001437683,0.078124017,0.078124017,0.078124017,7.45E-05,0.078124017,-3.26E-05,0.078124017,123.223455,0.039004805
0.001437627,0.078126076,0.078126076,0.078126076,7.48E-05,0.078126076,-2.47E-05,0.078126076,123.248948,-0.038577082
0.001436342,0.078122499,0.078122499,0.078122499,7.10E-05,0.078122499,-3.36E-05,0.078122499,123.2297154,0.038901808
0.001438726,0.078127687,0.078127687,0.078127687,7.16E-05,0.078127687,-2.48E-05,0.078127687,123.2542152,-0.038692477
0.001433203,0.078124474,0.078124474,0.078124474,7.44E-05,0.078124474,-2.99E-05,0.078124474,123.2246589,0.038671496
0.00143663,0.078123636,0.078123636,0.078123636,7.70E-05,0.078123636,-2.30E-05,0.078123636,123.2462693,-0.038145068
0.001433101,0.078123105,0.078123105,0.078123105,7.63E-05,0.078123105,-2.53E-05,0.078123105,123.2302873,0.038517477
0.001439443,0.078126569,0.078126569,0.078126569,7.78E-05,0.078126569,-2.39E-05,0.078126569,123.2501218,-0.03811455
0.001436127,0.078126811,0.078126811,0.078126811,7.93E-05,0.078126811,-2.76E-05,0.078126811,123.2261337,0.038395884
0.001436807,0.078124502,0.078124502,0.078124502,7.65E-05,0.078124502,-2.56E-05,0.078124502,123.2531617,-0.038248541
0.001434647,0.078125545,0.078125545,0.078125545,8.04E-05,0.078125545,-2.85E-05,0.078125545,123.2302873,0.038276675
0.001443224,0.078127221,0.078127221,0.078127221,8.52E-05,0.078127221,-2.54E-05,0.078127221,123.2548773,-0.037892344
0.001434777,0.078124017,0.078124017,0.078124017,7.74E-05,0.078124017,-3.22E-05,0.078124017,123.2246589,0.038130286
0.00143663,0.078124139,0.078124139,0.078124139,7.80E-05,0.078124139,-2.85E-05,0.078124139,123.2501218,-0.037762644
0.001437813,0.078126243,0.078126243,0.078126243,7.85E-05,0.078126243,-2.54E-05,0.078126243,123.2255318,0.037928583
0.001439005,0.078121894,0.078121894,0.078121894,7.21E-05,0.078121894,-2.93E-05,0.078121894,123.2519879,-0.037773611
0.001437562,0.078127547,0.078127547,0.078127547,7.69E-05,0.078127547,-2.89E-05,0.078127547,123.2288125,0.037997725
0.001439424,0.078125554,0.078125554,0.078125554,7.34E-05,0.078125554,-2.91E-05,0.078125554,123.2459081,-0.037484648
0.001436314,0.078123542,0.078123542,0.078123542,7.67E-05,0.078123542,-2.99E-05,0.078123542,123.2208064,0.037688734
0.001435401,0.078122863,0.078122863,0.078122863,7.44E-05,0.078122863,-2.70E-05,0.078122863,123.2459683,-0.03753567
0.001438735,0.07812493,0.07812493,0.07812493,7.74E-05,0.07812493,-3.05E-05,0.07812493,123.2273377,0.037742617
0.001434544,0.078123924,0.078123924,0.078123924,7.98E-05,0.078123924,-2.71E-05,0.078123924,123.255088,-0.037438395
0.001440523,0.078127054,0.078127054,0.078127054,8.00E-05,0.078127054,-2.89E-05,0.078127054,123.2305882,0.037443163
0.001436314,0.078125778,0.078125778,0.078125778,8.53E-05,0.078125778,-2.59E-05,0.078125778,123.248948,-0.03713608
0.001434619,0.078124418,0.078124418,0.078124418,8.25E-05,0.078124418,-3.20E-05,0.078124418,123.2311902,0.037635805
0.00143664,0.078124232,0.078124232,0.078124232,7.72E-05,0.078124232,-2.62E-05,0.078124232,123.2521986,-0.036805632
0.001440737,0.078125489,0.078125489,0.078125489,7.97E-05,0.078125489,-2.81E-05,0.078125489,123.2320931,0.037256243
0.001440011,0.078124092,0.078124092,0.078124092,7.63E-05,0.078124092,-2.76E-05,0.078124092,123.2495199,-0.036736967
0.001434749,0.078125191,0.078125191,0.078125191,7.86E-05,0.078125191,-3.00E-05,0.078125191,123.224358,0.037251952
0.001432682,0.078124185,0.078124185,0.078124185,7.82E-05,0.078124185,-2.60E-05,0.078124185,123.2522889,-0.036779883
0.001433371,0.078121596,0.078121596,0.078121596,7.39E-05,0.078121596,-3.05E-05,0.078121596,123.2285115,0.037215712
0.001440225,0.078125768,0.078125768,0.078125768,7.86E-05,0.078125768,-2.58E-05,0.078125768,123.2534627,-0.036527636
0.001432225,0.078123328,0.078123328,0.078123328,7.52E-05,0.078123328,-3.13E-05,0.078123328,123.2371195,0.036645891
0.001439629,0.078124353,0.078124353,0.078124353,7.32E-05,0.078124353,-2.63E-05,0.078124353,123.249249,-0.036518576
0.001434665,0.078123719,0.078123719,0.078123719,7.72E-05,0.078123719,-2.99E-05,0.078123719,123.2300164,0.036672118
0.001436714,0.07812479,0.07812479,0.07812479,7.87E-05,0.07812479,-2.64E-05,0.07812479,123.2569541,-0.036515715
0.001436109,0.078122723,0.078122723,0.078122723,7.76E-05,0.078122723,-3.10E-05,0.078122723,123.2288125,0.036790373
0.001438279,0.078125936,0.078125936,0.078125936,7.89E-05,0.078125936,-2.48E-05,0.078125936,123.2542754,-0.036281111
0.001434162,0.078123719,0.078123719,0.078123719,7.73E-05,0.078123719,-3.04E-05,0.078123719,123.2341699,0.0365572
0.001431126,0.078119417,0.078119417,0.078119417,7.11E-05,0.078119417,-3.51E-05,0.078119417,123.2564424,-0.03570986
0.00142931,0.078122267,0.078122267,0.078122267,7.20E-05,0.078122267,-2.82E-05,0.078122267,123.2341699,0.036338808
0.001439704,0.078128162,0.078128162,0.078128162,8.20E-05,0.078128162,-2.74E-05,0.078128162,123.2531617,-0.036056044
0.001431787,0.078121773,0.078121773,0.078121773,7.54E-05,0.078121773,-3.43E-05,0.078121773,123.2282105,0.036247256
0.001434228,0.078121829,0.078121829,0.078121829,6.79E-05,0.078121829,-3.04E-05,0.078121829,123.255088,-0.036417486
0.001432365,0.078124716,0.078124716,0.078124716,7.39E-05,0.078124716,-2.77E-05,0.078124716,123.2335679,0.035909655
0.001437906,0.07812575,0.07812575,0.07812575,7.77E-05,0.07812575,-2.82E-05,0.07812575,123.2574658,-0.035625937
0.001434954,0.078124269,0.078124269,0.078124269,7.47E-05,0.078124269,-3.01E-05,0.078124269,123.232966,0.035647394
0.001436612,0.078126551,0.078126551,0.078126551,7.27E-05,0.078126551,-2.86E-05,0.078126551,123.2504228,-0.035552981
0.001437143,0.07812547,0.07812547,0.07812547,7.53E-05,0.07812547,-2.98E-05,0.07812547,123.232665,0.035719874
0.001436137,0.078124865,0.078124865,0.078124865,7.53E-05,0.078124865,-2.47E-05,0.078124865,123.249249,-0.03547764
0.001436155,0.078125331,0.078125331,0.078125331,7.78E-05,0.078125331,-2.66E-05,0.078125331,123.2252609,0.035680296
0.001437739,0.078123785,0.078123785,0.078123785,7.69E-05,0.078123785,-2.88E-05,0.078123785,123.2531015,-0.03535557
0.001431918,0.078123934,0.078123934,0.078123934,7.56E-05,0.078123934,-2.82E-05,0.078123934,123.2311902,0.035546782
0.00143826,0.078125731,0.078125731,0.078125731,7.59E-05,0.078125731,-2.56E-05,0.078125731,123.2528608,-0.035031321
0.001435159,0.078121736,0.078121736,0.078121736,7.85E-05,0.078121736,-3.39E-05,0.078121736,123.2392264,0.035315993
0.001439992,0.078125945,0.078125945,0.078125945,7.72E-05,0.078125945,-2.93E-05,0.078125945,123.2537637,-0.035119536
0.001435382,0.078124278,0.078124278,0.078124278,7.79E-05,0.078124278,-2.75E-05,0.078124278,123.2285115,0.035203459
0.001441781,0.078126234,0.078126234,0.078126234,7.96E-05,0.078126234,-2.65E-05,0.078126234,123.25569,-0.034927847
0.001432207,0.078122593,0.078122593,0.078122593,7.58E-05,0.078122593,-3.18E-05,0.078122593,123.2350427,0.034850123
0.001435792,0.078123217,0.078123217,0.078123217,6.98E-05,0.078123217,-2.95E-05,0.078123217,123.2528006,-0.03479481
0.001435634,0.078126187,0.078126187,0.078126187,7.73E-05,0.078126187,-2.92E-05,0.078126187,123.2267357,0.034830572
0.001433063,0.078123105,0.078123105,0.078123105,7.40E-05,0.078123105,-2.86E-05,0.078123105,123.2563521,-0.034510138
0.001434116,0.078125079,0.078125079,0.078125079,7.51E-05,0.078125079,-2.85E-05,0.078125079,123.2294144,0.03450823
0.001438381,0.078125871,0.078125871,0.078125871,7.59E-05,0.078125871,-2.55E-05,0.078125871,123.2534025,-0.034563543
0.001437645,0.078126439,0.078126439,0.078126439,7.83E-05,0.078126439,-2.69E-05,0.078126439,123.232966,0.03450823
0.00143514,0.07812263,0.07812263,0.07812263,7.56E-05,0.07812263,-3.22E-05,0.07812263,123.2554793,-0.034348013
0.001432803,0.078124735,0.078124735,0.078124735,7.97E-05,0.078124735,-2.92E-05,0.078124735,123.2350427,0.03436661
0.001436798,0.078123272,0.078123272,0.078123272,7.32E-05,0.078123272,-3.04E-05,0.078123272,123.2504228,-0.033965113
0.001431769,0.078121903,0.078121903,0.078121903,7.81E-05,0.078121903,-3.74E-05,0.078121903,123.2267357,0.034384253
0.001438428,0.078125703,0.078125703,0.078125703,8.32E-05,0.078125703,-2.44E-05,0.078125703,123.2585192,-0.033760073
0.001436435,0.078123934,0.078123934,0.078123934,7.95E-05,0.078123934,-2.88E-05,0.078123934,123.2362467,0.034249785
0.001436928,0.078126383,0.078126383,0.078126383,7.75E-05,0.078126383,-2.46E-05,0.078126383,123.2507238,-0.033657553
0.001433715,0.078125312,0.078125312,0.078125312,7.61E-05,0.078125312,-3.09E-05,0.078125312,123.2300164,0.033403875
0.001433808,0.078123962,0.078123962,0.078123962,7.48E-05,0.078123962,-3.18E-05,0.078123962,123.2537035,-0.033404829
0.00143582,0.078126523,0.078126523,0.078126523,7.27E-05,0.078126523,-2.79E-05,0.078126523,123.2397982,0.033538344
0.001439387,0.07812696,0.07812696,0.07812696,7.41E-05,0.07812696,-2.70E-05,0.07812696,123.2592716,-0.033631804
0.001435503,0.078124073,0.078124073,0.078124073,7.27E-05,0.078124073,-2.94E-05,0.078124073,123.2338689,0.033369543
0.001435969,0.078123384,0.078123384,0.078123384,7.39E-05,0.078123384,-2.63E-05,0.078123384,123.2560812,-0.033433439
0.001434321,0.07812521,0.07812521,0.07812521,7.65E-05,0.07812521,-2.77E-05,0.07812521,123.2362467,0.033365252
0.001438512,0.078123785,0.078123785,0.078123785,7.73E-05,0.078123785,-2.62E-05,0.078123785,123.2568939,-0.032724382
0.001434265,0.078124483,0.078124483,0.078124483,8.00E-05,0.078124483,-3.13E-05,0.078124483,123.2386244,0.033297541
0.001436174,0.078123542,0.078123542,0.078123542,7.81E-05,0.078123542,-3.17E-05,0.078123542,123.2518976,-0.0327549
0.001434712,0.078124232,0.078124232,0.078124232,8.05E-05,0.078124232,-2.77E-05,0.078124232,123.2362467,0.033219816
0.00144002,0.078125349,0.078125349,0.078125349,7.47E-05,0.078125349,-2.68E-05,0.078125349,123.2545763,-0.032645227
0.0014342,0.078124278,0.078124278,0.078124278,7.83E-05,0.078124278,-2.85E-05,0.078124278,123.2400992,0.032692911
0.001439294,0.078123179,0.078123179,0.078123179,7.53E-05,0.078123179,-3.12E-05,0.078123179,123.2534627,-0.032175543
0.001435699,0.078126821,0.078126821,0.078126821,7.77E-05,0.078126821,-2.86E-05,0.078126821,123.2389254,0.032572271
0.001439471,0.078126346,0.078126346,0.078126346,7.42E-05,0.078126346,-2.82E-05,0.078126346,123.2585192,-0.032502653
0.001437413,0.078125703,0.078125703,0.078125703,7.91E-05,0.078125703,-2.82E-05,0.078125703,123.2323941,0.032491209
0.001437962,0.078123552,0.078123552,0.078123552,7.19E-05,0.078123552,-2.95E-05,0.078123552,123.2610474,-0.031939032
0.00143772,0.078126597,0.078126597,0.078126597,7.64E-05,0.078126597,-2.88E-05,0.078126597,123.2392866,0.032495501
0.001441445,0.078124539,0.078124539,0.078124539,7.28E-05,0.078124539,-2.61E-05,0.078124539,123.2589706,-0.031912329
0.001434339,0.078124371,0.078124371,0.078124371,7.96E-05,0.078124371,-3.02E-05,0.078124371,123.2383234,0.031996729
0.001437506,0.078123785,0.078123785,0.078123785,7.87E-05,0.078123785,-3.06E-05,0.078123785,123.2542754,-0.031793596
0.001432113,0.078123682,0.078123682,0.078123682,7.77E-05,0.078123682,-3.47E-05,0.078123682,123.2374205,0.031746866
0.001433631,0.078124623,0.078124623,0.078124623,7.88E-05,0.078124623,-3.06E-05,0.078124623,123.2510248,-0.031332018
0.001432719,0.078122062,0.078122062,0.078122062,7.81E-05,0.078122062,-3.02E-05,0.078122062,123.2380224,0.031634333
0.001437115,0.078125936,0.078125936,0.078125936,8.29E-05,0.078125936,-2.40E-05,0.078125936,123.2598435,-0.031065466
0.001431899,0.078121875,0.078121875,0.078121875,7.73E-05,0.078121875,-3.54E-05,0.078121875,123.2323941,0.031673433
0.001433967,0.078123747,0.078123747,0.078123747,7.69E-05,0.078123747,-3.31E-05,0.078123747,123.2559909,-0.031075479
0.001432728,0.078123729,0.078123729,0.078123729,7.76E-05,0.078123729,-3.12E-05,0.078123729,123.2386846,0.031190397
0.001436547,0.078127594,0.078127594,0.078127594,8.04E-05,0.078127594,-2.80E-05,0.078127594,123.2601445,-0.030712606
0.001436155,0.078126178,0.078126178,0.078126178,8.16E-05,0.078126178,-3.10E-05,0.078126178,123.2383234,0.031288149
0.001436547,0.07812452,0.07812452,0.07812452,7.47E-05,0.07812452,-2.90E-05,0.07812452,123.2632747,-0.030458929
0.001433687,0.078124641,0.078124641,0.078124641,7.04E-05,0.078124641,-3.12E-05,0.078124641,123.241875,0.030772688
0.001435112,0.078124409,0.078124409,0.078124409,7.60E-05,0.078124409,-2.75E-05,0.078124409,123.2579172,-0.030178072
0.001435103,0.07812317,0.07812317,0.07812317,7.52E-05,0.07812317,-3.19E-05,0.07812317,123.2353437,0.030846598
0.001435243,0.078123775,0.078123775,0.078123775,7.35E-05,0.078123775,-2.64E-05,0.078123775,123.255088,-0.029981138
0.001436714,0.078124483,0.078124483,0.078124483,7.61E-05,0.078124483,-2.69E-05,0.078124483,123.2347418,0.030785086
0.001438093,0.07812425,0.07812425,0.07812425,7.61E-05,0.07812425,-2.74E-05,0.07812425,123.2507238,-0.030014994
0.001437357,0.078127044,0.078127044,0.078127044,7.93E-05,0.078127044,-2.76E-05,0.078127044,123.2392264,0.030194284
0.001436314,0.078122984,0.078122984,0.078122984,7.54E-05,0.078122984,-3.29E-05,0.078122984,123.2589706,-0.029519083
0.00143433,0.078123319,0.078123319,0.078123319,7.65E-05,0.078123319,-3.26E-05,0.078123319,123.2424769,0.030044557
0.001441073,0.07812737,0.07812737,0.07812737,7.97E-05,0.07812737,-2.81E-05,0.07812737,123.2582182,-0.029459001
0.001431145,0.078123831,0.078123831,0.078123831,7.27E-05,0.078123831,-2.88E-05,0.078123831,123.2347418,0.030160906
0.001436658,0.078123841,0.078123841,0.078123841,7.66E-05,0.078123841,-2.65E-05,0.078123841,123.2542754,-0.029373648
0.001432905,0.078126187,0.078126187,0.078126187,7.48E-05,0.078126187,-3.06E-05,0.078126187,123.232966,0.029498102
0.001438642,0.078125647,0.078125647,0.078125647,7.12E-05,0.078125647,-2.85E-05,0.078125647,123.2577667,-0.029264929
0.001436183,0.078125694,0.078125694,0.078125694,7.35E-05,0.078125694,-2.98E-05,0.078125694,123.2380224,0.029066088
0.001436547,0.078124073,0.078124073,0.078124073,7.07E-05,0.078124073,-3.22E-05,0.078124073,123.2537035,-0.028903009
0.001436416,0.078127026,0.078127026,0.078127026,7.18E-05,0.078127026,-2.91E-05,0.078127026,123.2362467,0.029112341
0.001434106,0.078122546,0.078122546,0.078122546,7.24E-05,0.078122546,-3.08E-05,0.078122546,123.2586697,-0.02858019
0.001433557,0.078127109,0.078127109,0.078127109,7.26E-05,0.078127109,-2.53E-05,0.078127109,123.2368486,0.029011728
0.001439722,0.078124986,0.078124986,0.078124986,7.77E-05,0.078124986,-2.70E-05,0.078124986,123.2516267,-0.028304579
0.001437925,0.078123962,0.078123962,0.078123962,7.68E-05,0.078123962,-3.02E-05,0.078123962,123.2407012,0.028973581
0.001437832,0.078124977,0.078124977,0.078124977,7.96E-05,0.078124977,-2.81E-05,0.078124977,123.2524996,-0.028396608
0.001430642,0.07812371,0.07812371,0.07812371,7.61E-05,0.07812371,-3.03E-05,0.07812371,123.2400992,0.028600218
0.001441585,0.078126718,0.078126718,0.078126718,7.55E-05,0.078126718,-2.68E-05,0.078126718,123.2583687,-0.028235914
0.001440765,0.078125051,0.078125051,0.078125051,7.61E-05,0.078125051,-3.20E-05,0.078125051,123.2407012,0.028449537
0.001438996,0.078123747,0.078123747,0.078123747,7.13E-05,0.078123747,-2.69E-05,0.078123747,123.2594221,-0.027737619
0.001436155,0.07812304,0.07812304,0.07812304,7.39E-05,0.07812304,-3.21E-05,0.07812304,123.244644,0.027935507
0.001431089,0.07812371,0.07812371,0.07812371,7.67E-05,0.07812371,-2.98E-05,0.07812371,123.2498209,-0.027809622
0.001431843,0.078121438,0.078121438,0.078121438,7.11E-05,0.078121438,-3.27E-05,0.078121438,123.2429886,0.02785206
0.001435066,0.078123524,0.078123524,0.078123524,6.83E-05,0.078123524,-3.23E-05,0.078123524,123.2548773,-0.0273757
0.001433455,0.078124278,0.078124278,0.078124278,7.43E-05,0.078124278,-3.07E-05,0.078124278,123.2362467,0.027945997
0.001437366,0.078123347,0.078123347,0.078123347,7.47E-05,0.078123347,-2.98E-05,0.078123347,123.2510248,-0.027209284
0.001436034,0.078125964,0.078125964,0.078125964,7.52E-05,0.078125964,-2.72E-05,0.078125964,123.2410623,0.027225496
0.001439201,0.078122192,0.078122192,0.078122192,7.08E-05,0.078122192,-3.50E-05,0.078122192,123.2551783,-0.027167322
0.001436798,0.078124297,0.078124297,0.078124297,7.56E-05,0.078124297,-3.06E-05,0.078124297,123.2347418,0.027334692
0.001433976,0.078122062,0.078122062,0.078122062,8.24E-05,0.078122062,-3.31E-05,0.078122062,123.2601445,-0.026660444
0.001435336,0.078126038,0.078126038,0.078126038,8.26E-05,0.078126038,-2.93E-05,0.078126038,123.2424769,0.027304174
0.001438996,0.078125759,0.078125759,0.078125759,7.96E-05,0.078125759,-2.81E-05,0.078125759,123.2524996,-0.026800157
0.001438391,0.078125396,0.078125396,0.078125396,8.24E-05,0.078125396,-3.25E-05,0.078125396,123.2362467,0.026878359
0.001436938,0.078126225,0.078126225,0.078126225,7.93E-05,0.078126225,-2.87E-05,0.078126225,123.2501218,-0.026512148
0.001437226,0.078126411,0.078126411,0.078126411,7.57E-05,0.078126411,-3.49E-05,0.078126411,123.2386244,0.0266881
0.001440831,0.07812439,0.07812439,0.07812439,7.01E-05,0.07812439,-3.12E-05,0.07812439,123.2518976,-0.026197435
0.00143297,0.078121671,0.078121671,0.078121671,6.92E-05,0.078121671,-3.50E-05,0.078121671,123.233267,0.026278497
0.001434675,0.07812425,0.07812425,0.07812425,7.09E-05,0.07812425,-3.24E-05,0.07812425,123.2564424,-0.026066782
0.001439899,0.078126346,0.078126346,0.078126346,7.42E-05,0.078126346,-2.64E-05,0.078126346,123.2410021,0.026079656
0.001439741,0.078125135,0.078125135,0.078125135,7.57E-05,0.078125135,-2.97E-05,0.078125135,123.2566531,-0.025489809
0.00143934,0.078125154,0.078125154,0.078125154,7.24E-05,0.078125154,-2.74E-05,0.078125154,123.2410021,0.025959016
0.001440765,0.078125685,0.078125685,0.078125685,7.21E-05,0.078125685,-2.47E-05,0.078125685,123.2574658,-0.025577547
0.0014323,0.078122937,0.078122937,0.078122937,7.08E-05,0.078122937,-3.72E-05,0.078122937,123.2389254,0.026105405
0.001435671,0.078125582,0.078125582,0.078125582,7.97E-05,0.078125582,-3.14E-05,0.078125582,123.2542754,-0.025152208
0.001434349,0.078122872,0.078122872,0.078122872,7.43E-05,0.078122872,-3.15E-05,0.078122872,123.2378118,0.025207998
0.001437813,0.078125321,0.078125321,0.078125321,7.68E-05,0.078125321,-3.00E-05,0.078125321,123.2558405,-0.025105955
0.001437776,0.078126942,0.078126942,0.078126942,7.62E-05,0.078126942,-2.88E-05,0.078126942,123.2413031,0.025262834
0.00143501,0.078120795,0.078120795,0.078120795,7.05E-05,0.078120795,-3.47E-05,0.078120795,123.2567434,-0.024914743
0.001436826,0.078124818,0.078124818,0.078124818,7.85E-05,0.078124818,-3.05E-05,0.078124818,123.2453664,0.025106908
0.001435876,0.078124539,0.078124539,0.078124539,7.33E-05,0.078124539,-2.74E-05,0.078124539,123.2521986,-0.024581434
0.001435671,0.078126076,0.078126076,0.078126076,7.50E-05,0.078126076,-3.15E-05,0.078126076,123.2392264,0.02497244
0.001432328,0.078125452,0.078125452,0.078125452,6.94E-05,0.078125452,-2.93E-05,0.078125452,123.2524996,-0.024480344
0.001433026,0.078120665,0.078120665,0.078120665,6.84E-05,0.078120665,-3.39E-05,0.078120665,123.2428381,0.02456093
0.001431992,0.078122723,0.078122723,0.078122723,6.97E-05,0.078122723,-3.17E-05,0.078122723,123.2631242,-0.024102212
0.001438633,0.078123962,0.078123962,0.078123962,7.24E-05,0.078123962,-3.29E-05,0.078123962,123.2407012,0.024165155
0.001434321,0.078123198,0.078123198,0.078123198,7.23E-05,0.078123198,-3.25E-05,0.078123198,123.257556,-0.023961545
0.001435531,0.078125899,0.078125899,0.078125899,8.08E-05,0.078125899,-2.92E-05,0.078125899,123.2404002,0.024299146
0.001435522,0.078126644,0.078126644,0.078126644,7.74E-05,0.078126644,-2.50E-05,0.078126644,123.2524996,-0.023472311
0.001430586,0.078122639,0.078122639,0.078122639,7.60E-05,0.078122639,-3.35E-05,0.078122639,123.2441925,0.023959161
0.001437161,0.078123189,0.078123189,0.078123189,7.45E-05,0.078123189,-3.03E-05,0.078123189,123.2539142,-0.023384096
0.001434954,0.078125563,0.078125563,0.078125563,6.94E-05,0.078125563,-3.29E-05,0.078125563,123.2418148,0.023658277
0.001435503,0.078123487,0.078123487,0.078123487,7.32E-05,0.078123487,-3.41E-05,0.078123487,123.2601445,-0.023027898
0.001436872,0.07812479,0.07812479,0.07812479,7.77E-05,0.07812479,-3.25E-05,0.07812479,123.2391361,0.023385526
0.00144043,0.078128432,0.078128432,0.078128432,8.11E-05,0.078128432,-2.59E-05,0.078128432,123.2534025,-0.022930623
0.001435941,0.078124837,0.078124837,0.078124837,7.24E-05,0.078124837,-2.93E-05,0.078124837,123.2413031,0.022955419
0.001434051,0.078123095,0.078123095,0.078123095,6.96E-05,0.078123095,-3.15E-05,0.078123095,123.2585192,-0.022451879
0.001442125,0.078126504,0.078126504,0.078126504,7.08E-05,0.078126504,-2.79E-05,0.078126504,123.2437411,0.023070337
0.001440253,0.078125852,0.078125852,0.078125852,6.94E-05,0.078125852,-2.58E-05,0.078125852,123.2531015,-0.022400381
0.001437208,0.078126029,0.078126029,0.078126029,7.15E-05,0.078126029,-3.37E-05,0.078126029,123.242176,0.022675039
0.001439406,0.07812737,0.07812737,0.07812737,7.82E-05,0.07812737,-2.45E-05,0.07812737,123.2540045,-0.022356988
0.001436193,0.078127119,0.078127119,0.078127119,7.86E-05,0.078127119,-2.63E-05,0.078127119,123.2476839,0.022544862
0.001439722,0.078123235,0.078123235,0.078123235,7.28E-05,0.078123235,-3.06E-05,0.078123235,123.2516267,-0.022220613
0.001429711,0.078121801,0.078121801,0.078121801,7.05E-05,0.078121801,-3.44E-05,0.078121801,123.2434401,0.022215368
0.001437692,0.078124353,0.078124353,0.078124353,7.15E-05,0.078124353,-2.70E-05,0.078124353,123.2504228,-0.021882058
0.001436137,0.078121745,0.078121745,0.078121745,7.27E-05,0.078121745,-3.38E-05,0.078121745,123.244042,0.022066118
0.001439974,0.078125573,0.078125573,0.078125573,7.88E-05,0.078125573,-3.10E-05,0.078125573,123.2558405,-0.021250249
0.001434889,0.078125126,0.078125126,0.078125126,7.53E-05,0.078125126,-3.39E-05,0.078125126,123.2434401,0.021580221
0.001440346,0.078127547,0.078127547,0.078127547,7.76E-05,0.078127547,-2.77E-05,0.078127547,123.2582182,-0.021384717
0.001437133,0.078124837,0.078124837,0.078124837,7.14E-05,0.078124837,-2.91E-05,0.078124837,123.2350427,0.021518232
0.001436798,0.078123198,0.078123198,0.078123198,7.36E-05,0.078123198,-2.95E-05,0.078123198,123.2531015,-0.021072866
0.001436053,0.078125498,0.078125498,0.078125498,7.07E-05,0.078125498,-3.39E-05,0.078125498,123.2456673,0.021373273
0.001438791,0.078127547,0.078127547,0.078127547,7.63E-05,0.078127547,-2.65E-05,0.078127547,123.2564424,-0.020858289
0.00143826,0.078126849,0.078126849,0.078126849,7.43E-05,0.078126849,-3.40E-05,0.078126849,123.244644,0.021222593
0.001439629,0.078125154,0.078125154,0.078125154,7.35E-05,0.078125154,-2.60E-05,0.078125154,123.25569,-0.020506383
0.001442246,0.078127296,0.078127296,0.078127296,7.93E-05,0.078127296,-3.06E-05,0.078127296,123.2400992,0.020678998
0.00143623,0.078123943,0.078123943,0.078123943,7.22E-05,0.078123943,-2.82E-05,0.078123943,123.2501218,-0.020079614
0.001434293,0.078126271,0.078126271,0.078126271,6.91E-05,0.078126271,-2.81E-05,0.078126271,123.2386846,0.020712377
0.001437357,0.078129121,0.078129121,0.078129121,8.25E-05,0.078129121,-2.48E-05,0.078129121,123.2554793,-0.019996167
0.001434833,0.078123328,0.078123328,0.078123328,7.68E-05,0.078123328,-3.35E-05,0.078123328,123.242176,0.020195962
0.001438279,0.078125433,0.078125433,0.078125433,7.63E-05,0.078125433,-3.13E-05,0.078125433,123.2495199,-0.019997121
0.001438018,0.078128246,0.078128246,0.078128246,8.14E-05,0.078128246,-2.55E-05,0.078128246,123.2394972,0.019981862
0.001438232,0.078124315,0.078124315,0.078124315,7.46E-05,0.078124315,-3.29E-05,0.078124315,123.2560812,-0.01931429
0.001438325,0.078126281,0.078126281,0.078126281,7.92E-05,0.078126281,-3.02E-05,0.078126281,123.2441925,0.020015718
0.001433566,0.078121792,0.078121792,0.078121792,6.84E-05,0.078121792,-3.34E-05,0.078121792,123.2582182,-0.019470693
0.001434861,0.078125172,0.078125172,0.078125172,7.18E-05,0.078125172,-3.15E-05,0.078125172,123.2452159,0.01994753
0.00143446,0.078124241,0.078124241,0.078124241,7.48E-05,0.078124241,-2.85E-05,0.078124241,123.2610474,-0.019133092
0.001434218,0.078126355,0.078126355,0.078126355,7.73E-05,0.078126355,-2.79E-05,0.078126355,123.2425672,0.019514085
0.001437357,0.07812479,0.07812479,0.07812479,7.77E-05,0.07812479,-2.85E-05,0.07812479,123.2563521,-0.018537999
0.001430996,0.078121875,0.078121875,0.078121875,6.82E-05,0.078121875,-3.41E-05,0.078121875,123.248647,0.01911688
0.001433818,0.078123719,0.078123719,0.078123719,7.23E-05,0.078123719,-3.16E-05,0.078123719,123.2567434,-0.018454553
0.001438009,0.07812818,0.07812818,0.07812818,7.74E-05,0.07812818,-2.83E-05,0.07812818,123.2459683,0.019125463
0.001433417,0.078122611,0.078122611,0.078122611,7.51E-05,0.078122611,-3.46E-05,0.078122611,123.2540045,-0.018431665
0.001434237,0.078121047,0.078121047,0.078121047,7.17E-05,0.078121047,-3.67E-05,0.078121047,123.2462693,0.018555642
0.001443802,0.078128488,0.078128488,0.078128488,7.63E-05,0.078128488,-2.72E-05,0.078128488,123.2607464,-0.018087388
0.001436565,0.078123971,0.078123971,0.078123971,7.79E-05,0.078123971,-3.35E-05,0.078123971,123.2407012,0.018406392
0.00143568,0.078124343,0.078124343,0.078124343,7.35E-05,0.078124343,-3.11E-05,0.078124343,123.2542754,-0.017733575
0.001435559,0.078125601,0.078125601,0.078125601,7.46E-05,0.078125601,-3.26E-05,0.078125601,123.2407012,0.018114568
0.001439378,0.078122295,0.078122295,0.078122295,7.14E-05,0.078122295,-3.53E-05,0.078122295,123.2513258,-0.01757908
0.001437273,0.078127249,0.078127249,0.078127249,7.66E-05,0.078127249,-3.19E-05,0.078127249,123.2413031,0.017839433
0.001437198,0.0781252,0.0781252,0.0781252,7.24E-05,0.0781252,-2.89E-05,0.0781252,123.2567434,-0.017248155
0.001436351,0.07812358,0.07812358,0.07812358,6.90E-05,0.07812358,-3.36E-05,0.07812358,123.2483461,0.017539979
0.001434116,0.078124567,0.078124567,0.078124567,7.27E-05,0.078124567,-3.19E-05,0.078124567,123.2560812,-0.017149926
0.001431778,0.078124288,0.078124288,0.078124288,6.98E-05,0.078124288,-3.38E-05,0.078124288,123.244343,0.017331601
0.001442935,0.078127491,0.078127491,0.078127491,7.36E-05,0.078127491,-2.71E-05,0.078127491,123.2583687,-0.016702176
0.001431834,0.078122639,0.078122639,0.078122639,7.41E-05,0.078122639,-3.44E-05,0.078122639,123.2468713,0.017138482
0.001439806,0.078125405,0.078125405,0.078125405,7.50E-05,0.078125405,-2.65E-05,0.078125405,123.2542754,-0.016605855
0.001433538,0.078123617,0.078123617,0.078123617,7.78E-05,0.078123617,-3.44E-05,0.078123617,123.2462693,0.016950608
0.001441678,0.078126811,0.078126811,0.078126811,7.68E-05,0.078126811,-2.85E-05,0.078126811,123.2498209,-0.016393662
0.001437506,0.078129475,0.078129475,0.078129475,8.12E-05,0.078129475,-2.76E-05,0.078129475,123.2426876,0.01676798
0.001440542,0.078122248,0.078122248,0.078122248,7.21E-05,0.078122248,-3.38E-05,0.078122248,123.2524996,-0.015946866
0.001440197,0.078129,0.078129,0.078129,7.71E-05,0.078129,-2.90E-05,0.078129,123.248948,0.016525746
0.001435392,0.078124036,0.078124036,0.078124036,7.54E-05,0.078124036,-3.11E-05,0.078124036,123.2586697,-0.01560402
0.001433408,0.078124725,0.078124725,0.078124725,7.10E-05,0.078124725,-3.10E-05,0.078124725,123.244042,0.015996457
0.001439685,0.078125703,0.078125703,0.078125703,7.38E-05,0.078125703,-3.12E-05,0.078125703,123.264298,-0.015470983
0.001436193,0.078123813,0.078123813,0.078123813,7.23E-05,0.078123813,-3.65E-05,0.078123813,123.2398885,0.015938283
0.001440402,0.078127407,0.078127407,0.078127407,7.35E-05,0.078127407,-2.56E-05,0.078127407,123.2534025,-0.015301705
0.001433008,0.078125964,0.078125964,0.078125964,7.39E-05,0.078125964,-2.81E-05,0.078125964,123.2498209,0.015219689
0.001438018,0.078123542,0.078123542,0.078123542,7.49E-05,0.078123542,-3.13E-05,0.078123542,123.2601445,-0.015090943
0.001437208,0.078128031,0.078128031,0.078128031,7.50E-05,0.078128031,-2.70E-05,0.078128031,123.2419653,0.015382768
0.001436388,0.078125815,0.078125815,0.078125815,7.81E-05,0.078125815,-3.26E-05,0.078125815,123.2554793,-0.014794351
0.001438353,0.078125619,0.078125619,0.078125619,6.99E-05,0.078125619,-2.90E-05,0.078125619,123.249249,0.015052796
0.001432691,0.078121326,0.078121326,0.078121326,7.56E-05,0.078121326,-3.66E-05,0.078121326,123.2551783,-0.014372826
0.001437729,0.078123813,0.078123813,0.078123813,7.43E-05,0.078123813,-3.33E-05,0.078123813,123.2507238,0.014963151
0.001438269,0.078125824,0.078125824,0.078125824,7.56E-05,0.078125824,-3.05E-05,0.078125824,123.2576162,-0.014287473
0.001434377,0.078124362,0.078124362,0.078124362,7.18E-05,0.078124362,-3.79E-05,0.078124362,123.2496102,0.014230729
0.00144057,0.078125666,0.078125666,0.078125666,7.83E-05,0.078125666,-2.99E-05,0.078125666,123.2594221,-0.013826371
0.001432551,0.07812479,0.07812479,0.07812479,7.44E-05,0.07812479,-3.40E-05,0.07812479,123.2498209,0.014270306
0.00144097,0.078124763,0.078124763,0.078124763,7.26E-05,0.078124763,-2.97E-05,0.078124763,123.2601445,-0.013734341
0.001436146,0.07812547,0.07812547,0.07812547,7.43E-05,0.07812547,-2.90E-05,0.07812547,123.248948,0.013694287
0.00143758,0.078124586,0.078124586,0.078124586,7.14E-05,0.078124586,-3.00E-05,0.078124586,123.2592716,-0.013259412
