-2.56E-05,0.078123552,0.078123552,0.078123552,-8.92E-04,0.078123552,-8.57E-04,0.078123552,109.2571366,0.226202025
-2.35E-05,0.07812331,0.07812331,0.07812331,-8.87E-04,0.07812331,-8.62E-04,0.07812331,109.3800268,-0.226422323
-2.22E-05,0.078123896,0.078123896,0.078123896,-8.97E-04,0.078123896,-8.55E-04,0.078123896,109.2627649,0.226169123
-2.29E-05,0.078124511,0.078124511,0.078124511,-8.88E-04,0.078124511,-8.54E-04,0.078124511,109.3750004,-0.226783766
-2.30E-05,0.078122863,0.078122863,0.078122863,-8.98E-04,0.078122863,-8.55E-04,0.078122863,109.2583104,0.226537718
-2.25E-05,0.078124148,0.078124148,0.078124148,-8.92E-04,0.078124148,-8.55E-04,0.078124148,109.3773782,-0.226587786
-2.11E-05,0.078123841,0.078123841,0.078123841,-8.98E-04,0.078123841,-8.55E-04,0.078123841,109.2606279,0.226611151
-2.41E-05,0.078123719,0.078123719,0.078123719,-8.90E-04,0.078123719,-8.55E-04,0.078123719,109.3800268,-0.226980223
-1.90E-05,0.078127352,0.078127352,0.078127352,-8.93E-04,0.078127352,-8.50E-04,0.078127352,109.2513277,0.226691736
-2.63E-05,0.078125237,0.078125237,0.078125237,-8.85E-04,0.078125237,-8.56E-04,0.078125237,109.3821337,-0.226998343
-2.36E-05,0.078123095,0.078123095,0.078123095,-8.95E-04,0.078123095,-8.52E-04,0.078123095,109.2601163,0.226538672
-2.40E-05,0.07812317,0.07812317,0.07812317,-8.90E-04,0.07812317,-8.56E-04,0.07812317,109.3791539,-0.226840033
-2.24E-05,0.078122723,0.078122723,0.078122723,-8.95E-04,0.078122723,-8.52E-04,0.078122723,109.2555113,0.226607336
-2.34E-05,0.078125275,0.078125275,0.078125275,-8.82E-04,0.078125275,-8.52E-04,0.078125275,109.3844813,-0.226909174
-2.45E-05,0.078122183,0.078122183,0.078122183,-8.89E-04,0.078122183,-8.55E-04,0.078122183,109.2651426,0.226631655
-2.18E-05,0.078127091,0.078127091,0.078127091,-8.82E-04,0.078127091,-8.51E-04,0.078127091,109.3827055,-0.22710134
-2.56E-05,0.07812574,0.07812574,0.07812574,-8.88E-04,0.07812574,-8.50E-04,0.07812574,109.2572871,0.226837172
-2.14E-05,0.078124763,0.078124763,0.078124763,-8.84E-04,0.078124763,-8.52E-04,0.078124763,109.3853842,-0.227023138
-2.26E-05,0.078124427,0.078124427,0.078124427,-8.94E-04,0.078124427,-8.50E-04,0.078124427,109.2572871,0.2267666
-2.03E-05,0.078124707,0.078124707,0.078124707,-8.88E-04,0.078124707,-8.55E-04,0.078124707,109.386859,-0.227044596
-2.73E-05,0.07812195,0.07812195,0.07812195,-8.92E-04,0.07812195,-8.57E-04,0.07812195,109.257889,0.226938738
-2.61E-05,0.078124288,0.078124288,0.078124288,-8.87E-04,0.078124288,-8.57E-04,0.078124288,109.3800268,-0.227247252
-2.21E-05,0.078122825,0.078122825,0.078122825,-8.94E-04,0.078122825,-8.56E-04,0.078122825,109.262193,0.227029814
-2.36E-05,0.078125172,0.078125172,0.078125172,-8.89E-04,0.078125172,-8.50E-04,0.078125172,109.3746994,-0.227517618
-1.81E-05,0.078127622,0.078127622,0.078127622,-8.89E-04,0.078127622,-8.52E-04,0.078127622,109.2562336,0.227253451
-1.81E-05,0.078128246,0.078128246,0.078128246,-8.88E-04,0.078128246,-8.51E-04,0.078128246,109.3856852,-0.22780086
-2.52E-05,0.078125079,0.078125079,0.078125079,-8.93E-04,0.078125079,-8.55E-04,0.078125079,109.2571366,0.227551951
-2.42E-05,0.078125545,0.078125545,0.078125545,-8.91E-04,0.078125545,-8.53E-04,0.078125545,109.3909524,-0.227766527
-2.51E-05,0.078123189,0.078123189,0.078123189,-8.97E-04,0.078123189,-8.52E-04,0.078123189,109.262494,0.227398409
-1.90E-05,0.078128208,0.078128208,0.078128208,-8.84E-04,0.078128208,-8.48E-04,0.078128208,109.3806288,-0.228042139
-2.19E-05,0.078125629,0.078125629,0.078125629,-8.91E-04,0.078125629,-8.53E-04,0.078125629,109.2648417,0.227530016
-2.33E-05,0.078124232,0.078124232,0.078124232,-8.90E-04,0.078124232,-8.57E-04,0.078124232,109.3755723,-0.227938666
-1.97E-05,0.078128022,0.078128022,0.078128022,-8.90E-04,0.078128022,-8.54E-04,0.078128022,109.2580395,0.227655901
-2.45E-05,0.078125517,0.078125517,0.078125517,-8.86E-04,0.078125517,-8.53E-04,0.078125517,109.3853842,-0.227768912
-2.18E-05,0.078125703,0.078125703,0.078125703,-8.93E-04,0.078125703,-8.50E-04,0.078125703,109.2563841,0.227728857
-2.33E-05,0.078126364,0.078126364,0.078126364,-8.85E-04,0.078126364,-8.52E-04,0.078126364,109.3836085,-0.227815642
-2.50E-05,0.078124772,0.078124772,0.078124772,-8.90E-04,0.078124772,-8.49E-04,0.078124772,109.2592133,0.227940573
-2.05E-05,0.078126364,0.078126364,0.078126364,-8.86E-04,0.078126364,-8.50E-04,0.078126364,109.3711178,-0.227988734
-2.26E-05,0.078123794,0.078123794,0.078123794,-8.91E-04,0.078123794,-8.52E-04,0.078123794,109.2494917,0.227874769
-2.36E-05,0.078124129,0.078124129,0.078124129,-8.90E-04,0.078124129,-8.53E-04,0.078124129,109.377649,-0.228302969
-2.05E-05,0.078127631,0.078127631,0.078127631,-8.91E-04,0.078127631,-8.51E-04,0.078127631,109.2587619,0.22776319
-2.31E-05,0.078125536,0.078125536,0.078125536,-8.86E-04,0.078125536,-8.51E-04,0.078125536,109.385324,-0.228228106
-2.53E-05,0.078122397,0.078122397,0.078122397,-8.92E-04,0.078122397,-8.56E-04,0.078122397,109.2589124,0.227970614
-1.93E-05,0.078125321,0.078125321,0.078125321,-8.88E-04,0.078125321,-8.54E-04,0.078125321,109.3842104,-0.228107466
-1.94E-05,0.078126448,0.078126448,0.078126448,-8.90E-04,0.078126448,-8.54E-04,0.078126448,109.2579492,0.227927222
-2.35E-05,0.078125517,0.078125517,0.078125517,-8.90E-04,0.078125517,-8.50E-04,0.078125517,109.378853,-0.228282942
-2.42E-05,0.078122695,0.078122695,0.078122695,-8.95E-04,0.078122695,-8.58E-04,0.078122695,109.2666475,0.228308214
-2.94E-05,0.078121671,0.078121671,0.078121671,-8.89E-04,0.078121671,-8.58E-04,0.078121671,109.3842104,-0.228559031
-2.98E-05,0.078119892,0.078119892,0.078119892,-8.95E-04,0.078119892,-8.60E-04,0.078119892,109.2648417,0.228163733
-2.01E-05,0.078126485,0.078126485,0.078126485,-8.87E-04,0.078126485,-8.55E-04,0.078126485,109.3806288,-0.228648676
-2.25E-05,0.078126662,0.078126662,0.078126662,-8.92E-04,0.078126662,-8.55E-04,0.078126662,109.2601163,0.228133215
-2.21E-05,0.078125321,0.078125321,0.078125321,-8.90E-04,0.078125321,-8.55E-04,0.078125321,109.3833075,-0.228878035
-1.97E-05,0.078124567,0.078124567,0.078124567,-8.91E-04,0.078124567,-8.53E-04,0.078124567,109.2568356,0.228525175
-2.29E-05,0.078123747,0.078123747,0.078123747,-8.90E-04,0.078123747,-8.53E-04,0.078123747,109.3833075,-0.228972449
-2.66E-05,0.078123254,0.078123254,0.078123254,-8.96E-04,0.078123254,-8.56E-04,0.078123254,109.2654436,0.228795542
-2.27E-05,0.078125759,0.078125759,0.078125759,-8.88E-04,0.078125759,-8.50E-04,0.078125759,109.3812307,-0.22886516
-2.47E-05,0.078124455,0.078124455,0.078124455,-8.94E-04,0.078124455,-8.53E-04,0.078124455,109.2645708,0.228860392
-2.11E-05,0.078126914,0.078126914,0.078126914,-8.84E-04,0.078126914,-8.52E-04,0.078126914,109.3812307,-0.228909029
-2.20E-05,0.078123971,0.078123971,0.078123971,-8.92E-04,0.078123971,-8.53E-04,0.078123971,109.2639688,0.228946699
-2.27E-05,0.078124856,0.078124856,0.078124856,-8.88E-04,0.078124856,-8.50E-04,0.078124856,109.3815317,-0.229277148
-2.09E-05,0.07812466,0.07812466,0.07812466,-8.92E-04,0.07812466,-8.50E-04,0.07812466,109.2598153,0.228860869
-2.50E-05,0.078125247,0.078125247,0.078125247,-8.88E-04,0.078125247,-8.50E-04,0.078125247,109.3836085,-0.229562296
-2.25E-05,0.078126057,0.078126057,0.078126057,-8.87E-04,0.078126057,-8.49E-04,0.078126057,109.2603872,0.228998675
-2.20E-05,0.078125582,0.078125582,0.078125582,-8.86E-04,0.078125582,-8.52E-04,0.078125582,109.3794549,-0.229573264
-2.36E-05,0.078125526,0.078125526,0.078125526,-8.90E-04,0.078125526,-8.50E-04,0.078125526,109.2601163,0.228725924
-2.27E-05,0.07812629,0.07812629,0.07812629,-8.88E-04,0.07812629,-8.51E-04,0.07812629,109.3794549,-0.229482664
-2.22E-05,0.078123515,0.078123515,0.078123515,-8.89E-04,0.078123515,-8.56E-04,0.078123515,109.2565346,0.229188456
-2.33E-05,0.078127249,0.078127249,0.078127249,-8.83E-04,0.078127249,-8.50E-04,0.078127249,109.3815317,-0.229658141
-2.34E-05,0.078123673,0.078123673,0.078123673,-8.91E-04,0.078123673,-8.53E-04,0.078123673,109.2654436,0.229447378
-2.36E-05,0.078125536,0.078125536,0.078125536,-8.84E-04,0.078125536,-8.52E-04,0.078125536,109.3809297,-0.229695334
-2.28E-05,0.078120516,0.078120516,0.078120516,-8.96E-04,0.078120516,-8.57E-04,0.078120516,109.2672194,0.229536547
-2.57E-05,0.078124437,0.078124437,0.078124437,-8.85E-04,0.078124437,-8.59E-04,0.078124437,109.3758733,-0.22999145
-2.34E-05,0.078123477,0.078123477,0.078123477,-8.93E-04,0.078123477,-8.58E-04,0.078123477,109.2540967,0.229778303
-2.40E-05,0.078125237,0.078125237,0.078125237,-8.89E-04,0.078125237,-8.56E-04,0.078125237,109.3842104,-0.230041994
-2.11E-05,0.078125116,0.078125116,0.078125116,-8.92E-04,0.078125116,-8.55E-04,0.078125116,109.2636678,0.229825034
-2.45E-05,0.078127165,0.078127165,0.078127165,-8.90E-04,0.078127165,-8.55E-04,0.078127165,109.3833075,-0.230301871
-2.02E-05,0.078126402,0.078126402,0.078126402,-8.93E-04,0.078126402,-8.52E-04,0.078126402,109.2582502,0.229696764
-2.42E-05,0.078121372,0.078121372,0.078121372,-8.94E-04,0.078121372,-8.55E-04,0.078121372,109.3806288,-0.230220332
-2.12E-05,0.078125098,0.078125098,0.078125098,-8.94E-04,0.078125098,-8.54E-04,0.078125098,109.2497024,0.229968085
-2.41E-05,0.078124995,0.078124995,0.078124995,-8.93E-04,0.078124995,-8.54E-04,0.078124995,109.3827055,-0.230129732
-2.55E-05,0.078125275,0.078125275,0.078125275,-8.94E-04,0.078125275,-8.52E-04,0.078125275,109.2503645,0.229823126
-2.69E-05,0.078123841,0.078123841,0.078123841,-8.88E-04,0.078123841,-8.53E-04,0.078123841,109.3833075,-0.230602278
-2.56E-05,0.078123691,0.078123691,0.078123691,-8.91E-04,0.078123691,-8.52E-04,0.078123691,109.2581599,0.229869856
-2.43E-05,0.078124958,0.078124958,0.078124958,-8.87E-04,0.078124958,-8.51E-04,0.078124958,109.3839094,-0.230703844
-2.11E-05,0.078123747,0.078123747,0.078123747,-8.93E-04,0.078123747,-8.51E-04,0.078123747,109.262494,0.230142607
-1.98E-05,0.078124176,0.078124176,0.078124176,-8.84E-04,0.078124176,-8.53E-04,0.078124176,109.3800268,-0.230434908
-2.17E-05,0.078124427,0.078124427,0.078124427,-8.90E-04,0.078124427,-8.53E-04,0.078124427,109.2568356,0.230470194
-2.57E-05,0.078124614,0.078124614,0.078124614,-8.85E-04,0.078124614,-8.55E-04,0.078124614,109.3764752,-0.230780615
-2.68E-05,0.078121866,0.078121866,0.078121866,-8.92E-04,0.078121866,-8.54E-04,0.078121866,109.2524413,0.230548872
-1.92E-05,0.078127007,0.078127007,0.078127007,-8.83E-04,0.078127007,-8.52E-04,0.078127007,109.3756626,-0.230890765
-2.51E-05,0.078125834,0.078125834,0.078125834,-8.90E-04,0.078125834,-8.52E-04,0.078125834,109.2558725,0.230407729
-2.16E-05,0.078125275,0.078125275,0.078125275,-8.85E-04,0.078125275,-8.54E-04,0.078125275,109.3836085,-0.230881705
-2.23E-05,0.078128162,0.078128162,0.078128162,-8.89E-04,0.078128162,-8.49E-04,0.078128162,109.2612901,0.230967535
-2.04E-05,0.07812452,0.07812452,0.07812452,-8.87E-04,0.07812452,-8.53E-04,0.07812452,109.3812307,-0.231005206
-2.36E-05,0.078123449,0.078123449,0.078123449,-8.99E-04,0.078123449,-8.56E-04,0.078123449,109.2580395,0.230697646
-2.21E-05,0.07812344,0.07812344,0.07812344,-8.87E-04,0.07812344,-8.54E-04,0.07812344,109.3800268,-0.23106338
-1.88E-05,0.078127082,0.078127082,0.078127082,-8.92E-04,0.078127082,-8.50E-04,0.078127082,109.2561734,0.230684294
-2.73E-05,0.078123785,0.078123785,0.078123785,-8.91E-04,0.078123785,-8.57E-04,0.078123785,109.3844813,-0.231115355
-2.71E-05,0.078124688,0.078124688,0.078124688,-8.91E-04,0.078124688,-8.55E-04,0.078124688,109.2687243,0.230768694
-2.32E-05,0.078125917,0.078125917,0.078125917,-8.87E-04,0.078125917,-8.52E-04,0.078125917,109.3862872,-0.231345667
-2.46E-05,0.078124753,0.078124753,0.078124753,-8.94E-04,0.078124753,-8.53E-04,0.078124753,109.2569861,0.230888857
-2.82E-05,0.078121764,0.078121764,0.078121764,-8.89E-04,0.078121764,-8.57E-04,0.078121764,109.3791539,-0.23130609
-2.24E-05,0.078125144,0.078125144,0.078125144,-8.92E-04,0.078125144,-8.53E-04,0.078125144,109.2589124,0.230954661
-2.82E-05,0.078123515,0.078123515,0.078123515,-8.86E-04,0.078123515,-8.53E-04,0.078123515,109.3803278,-0.231316103
-1.94E-05,0.078126905,0.078126905,0.078126905,-8.88E-04,0.078126905,-8.53E-04,0.078126905,109.2606881,0.231320395
-2.62E-05,0.078122881,0.078122881,0.078122881,-8.86E-04,0.078122881,-8.55E-04,0.078122881,109.3839094,-0.231453433
-2.45E-05,0.078123459,0.078123459,0.078123459,-8.93E-04,0.078123459,-8.49E-04,0.078123459,109.262494,0.231199278
-2.26E-05,0.078125759,0.078125759,0.078125759,-8.85E-04,0.078125759,-8.51E-04,0.078125759,109.3723819,-0.23168756
-2.38E-05,0.078120292,0.078120292,0.078120292,-9.00E-04,0.078120292,-8.56E-04,0.078120292,109.2552103,0.231592669
-2.28E-05,0.078124353,0.078124353,0.078124353,-8.86E-04,0.078124353,-8.55E-04,0.078124353,109.3836085,-0.231867804
-2.18E-05,0.078125945,0.078125945,0.078125945,-8.90E-04,0.078125945,-8.51E-04,0.078125945,109.2612901,0.231380476
-2.33E-05,0.078124353,0.078124353,0.078124353,-8.84E-04,0.078124353,-8.55E-04,0.078124353,109.378552,-0.232257857
-2.31E-05,0.07812344,0.07812344,0.07812344,-8.95E-04,0.07812344,-8.57E-04,0.07812344,109.2525918,0.231754317
-2.17E-05,0.078125349,0.078125349,0.078125349,-8.88E-04,0.078125349,-8.52E-04,0.078125349,109.3856852,-0.232194438
-2.32E-05,0.078125396,0.078125396,0.078125396,-8.95E-04,0.078125396,-8.50E-04,0.078125396,109.2528928,0.231832995
-2.34E-05,0.078124064,0.078124064,0.078124064,-8.87E-04,0.078124064,-8.51E-04,0.078124064,109.3824045,-0.232137217
-2.58E-05,0.078122732,0.078122732,0.078122732,-8.94E-04,0.078122732,-8.55E-04,0.078122732,109.2576482,0.232040419
-2.62E-05,0.078123757,0.078123757,0.078123757,-8.87E-04,0.078123757,-8.54E-04,0.078123757,109.3859862,-0.232133402
-2.25E-05,0.078124846,0.078124846,0.078124846,-8.89E-04,0.078124846,-8.54E-04,0.078124846,109.2576482,0.232009902
-2.26E-05,0.07812629,0.07812629,0.07812629,-8.80E-04,0.07812629,-8.53E-04,0.07812629,109.3850833,-0.232605471
-2.14E-05,0.078124967,0.078124967,0.078124967,-8.94E-04,0.078124967,-8.56E-04,0.078124967,109.2639688,0.232040419
-2.41E-05,0.078124781,0.078124781,0.078124781,-8.85E-04,0.078124781,-8.52E-04,0.078124781,109.3827055,-0.23253776
-2.34E-05,0.078124865,0.078124865,0.078124865,-8.89E-04,0.078124865,-8.54E-04,0.078124865,109.2609891,0.232279791
-2.79E-05,0.07812344,0.07812344,0.07812344,-8.88E-04,0.07812344,-8.55E-04,0.07812344,109.3836085,-0.232859149
-2.36E-05,0.078123654,0.078123654,0.078123654,-8.96E-04,0.078123654,-8.54E-04,0.078123654,109.2580395,0.232475295
-1.95E-05,0.078128283,0.078128283,0.078128283,-8.82E-04,0.078128283,-8.50E-04,0.078128283,109.3842104,-0.232903018
-2.37E-05,0.07812493,0.07812493,0.07812493,-8.93E-04,0.07812493,-8.50E-04,0.07812493,109.2569861,0.23262073
-2.33E-05,0.078125992,0.078125992,0.078125992,-8.90E-04,0.078125992,-8.53E-04,0.078125992,109.3836085,-0.23294641
-1.95E-05,0.078126756,0.078126756,0.078126756,-8.93E-04,0.078126756,-8.52E-04,0.078126756,109.2573473,0.232898726
-2.83E-05,0.078122462,0.078122462,0.078122462,-8.90E-04,0.078122462,-8.54E-04,0.078122462,109.3842104,-0.233288779
-2.41E-05,0.07812425,0.07812425,0.07812425,-8.93E-04,0.07812425,-8.57E-04,0.07812425,109.2531937,0.232847704
-2.75E-05,0.078123747,0.078123747,0.078123747,-8.85E-04,0.078123747,-8.51E-04,0.078123747,109.3853842,-0.233160033
-2.34E-05,0.078124381,0.078124381,0.078124381,-8.90E-04,0.078124381,-8.48E-04,0.078124381,109.2618921,0.232785239
-2.43E-05,0.078123403,0.078123403,0.078123403,-8.87E-04,0.078123403,-8.52E-04,0.078123403,109.3824045,-0.23322679
-2.10E-05,0.078124679,0.078124679,0.078124679,-8.90E-04,0.078124679,-8.53E-04,0.078124679,109.2612299,0.233026995
-2.24E-05,0.078126402,0.078126402,0.078126402,-8.81E-04,0.078126402,-8.49E-04,0.078126402,109.3853842,-0.233379855
-2.30E-05,0.078125107,0.078125107,0.078125107,-8.89E-04,0.078125107,-8.54E-04,0.078125107,109.2527423,0.233173384
-1.99E-05,0.078126588,0.078126588,0.078126588,-8.86E-04,0.078126588,-8.48E-04,0.078126588,109.3809297,-0.233688845
-2.35E-05,0.078124381,0.078124381,0.078124381,-8.90E-04,0.078124381,-8.50E-04,0.078124381,109.2531937,0.233625903
-2.66E-05,0.078123682,0.078123682,0.078123682,-8.90E-04,0.078123682,-8.53E-04,0.078123682,109.3821337,-0.233801379
-1.89E-05,0.078124669,0.078124669,0.078124669,-8.91E-04,0.078124669,-8.53E-04,0.078124669,109.2603872,0.233252539
-2.22E-05,0.078124772,0.078124772,0.078124772,-8.90E-04,0.078124772,-8.55E-04,0.078124772,109.3836085,-0.233935847
-1.73E-05,0.078127305,0.078127305,0.078127305,-8.87E-04,0.078127305,-8.46E-04,0.078127305,109.2539462,0.233571066
-2.02E-05,0.078128283,0.078128283,0.078128283,-8.83E-04,0.078128283,-8.51E-04,0.078128283,109.3844813,-0.233810916
-1.97E-05,0.078126774,0.078126774,0.078126774,-8.88E-04,0.078126774,-8.50E-04,0.078126774,109.2642698,0.23349668
-2.14E-05,0.078125312,0.078125312,0.078125312,-8.88E-04,0.078125312,-8.53E-04,0.078125312,109.3806288,-0.234227194
-2.34E-05,0.078125219,0.078125219,0.078125219,-8.98E-04,0.078125219,-8.54E-04,0.078125219,109.2627649,0.233794703
-2.57E-05,0.078124176,0.078124176,0.078124176,-8.89E-04,0.078124176,-8.55E-04,0.078124176,109.3773782,-0.234313025
-2.10E-05,0.078124772,0.078124772,0.078124772,-8.97E-04,0.078124772,-8.52E-04,0.078124772,109.2555715,0.2338524
-2.67E-05,0.078125275,0.078125275,0.078125275,-8.87E-04,0.078125275,-8.52E-04,0.078125275,109.378853,-0.23446609
-2.04E-05,0.078125768,0.078125768,0.078125768,-8.89E-04,0.078125768,-8.52E-04,0.078125768,109.255421,0.234071746
-2.59E-05,0.07812425,0.07812425,0.07812425,-8.90E-04,0.07812425,-8.52E-04,0.07812425,109.3821337,-0.23451282
-1.99E-05,0.078125768,0.078125768,0.078125768,-8.95E-04,0.078125768,-8.53E-04,0.078125768,109.2601163,0.233934893
-2.35E-05,0.078125545,0.078125545,0.078125545,-8.85E-04,0.078125545,-8.50E-04,0.078125545,109.3833075,-0.234777465
-2.29E-05,0.078124483,0.078124483,0.078124483,-8.88E-04,0.078124483,-8.53E-04,0.078124483,109.2598153,0.234382167
-2.09E-05,0.078124846,0.078124846,0.078124846,-8.86E-04,0.078124846,-8.52E-04,0.078124846,109.386859,-0.234921469
-2.48E-05,0.078124986,0.078124986,0.078124986,-8.88E-04,0.078124986,-8.50E-04,0.078124986,109.2521704,0.234333052
-2.72E-05,0.078123403,0.078123403,0.078123403,-8.87E-04,0.078123403,-8.54E-04,0.078123403,109.3827055,-0.234789862
-1.98E-05,0.078125191,0.078125191,0.078125191,-8.88E-04,0.078125191,-8.56E-04,0.078125191,109.262193,0.234581008
-2.41E-05,0.078125666,0.078125666,0.078125666,-8.83E-04,0.078125666,-8.53E-04,0.078125666,109.387762,-0.235209479
-1.86E-05,0.078125824,0.078125824,0.078125824,-8.89E-04,0.078125824,-8.52E-04,0.078125824,109.25512,0.234539523
-2.04E-05,0.078125852,0.078125852,0.078125852,-8.85E-04,0.078125852,-8.52E-04,0.078125852,109.3850833,-0.235261931
-2.17E-05,0.078123626,0.078123626,0.078123626,-8.92E-04,0.078123626,-8.50E-04,0.078123626,109.2531937,0.234655394
-2.35E-05,0.07812521,0.07812521,0.07812521,-8.89E-04,0.07812521,-8.54E-04,0.07812521,109.3815317,-0.235499396
-1.91E-05,0.078125321,0.078125321,0.078125321,-8.95E-04,0.078125321,-8.53E-04,0.078125321,109.2606279,0.234731688
-2.37E-05,0.078125517,0.078125517,0.078125517,-8.89E-04,0.078125517,-8.56E-04,0.078125517,109.3821337,-0.235618605
-1.62E-05,0.078131123,0.078131123,0.078131123,-8.91E-04,0.078131123,-8.48E-04,0.078131123,109.255421,0.235097899
-1.96E-05,0.078128972,0.078128972,0.078128972,-8.86E-04,0.078128972,-8.50E-04,0.078128972,109.3856852,-0.235709204
-2.58E-05,0.078123747,0.078123747,0.078123747,-8.98E-04,0.078123747,-8.51E-04,0.078123747,109.25512,0.235117926
-2.28E-05,0.078127305,0.078127305,0.078127305,-8.91E-04,0.078127305,-8.52E-04,0.078127305,109.3839094,-0.23614551
-1.71E-05,0.07812805,0.07812805,0.07812805,-8.92E-04,0.07812805,-8.51E-04,0.07812805,109.2598153,0.235570445
-2.45E-05,0.078123272,0.078123272,0.078123272,-8.94E-04,0.078123272,-8.58E-04,0.078123272,109.3836085,-0.236136927
-1.98E-05,0.078125396,0.078125396,0.078125396,-8.93E-04,0.078125396,-8.53E-04,0.078125396,109.2579492,0.235646739
-2.52E-05,0.0781233,0.0781233,0.0781233,-8.89E-04,0.0781233,-8.56E-04,0.0781233,109.3812307,-0.236057772
-1.91E-05,0.078127445,0.078127445,0.078127445,-8.89E-04,0.078127445,-8.49E-04,0.078127445,109.2497927,0.235784068
-2.14E-05,0.078128078,0.078128078,0.078128078,-8.87E-04,0.078128078,-8.51E-04,0.078128078,109.3850833,-0.236456408
-1.87E-05,0.078125843,0.078125843,0.078125843,-8.90E-04,0.078125843,-8.49E-04,0.078125843,109.2530432,0.235975756
-2.65E-05,0.07812479,0.07812479,0.07812479,-8.86E-04,0.07812479,-8.52E-04,0.07812479,109.3791539,-0.236875548
-2.59E-05,0.078121587,0.078121587,0.078121587,-8.95E-04,0.078121587,-8.58E-04,0.078121587,109.2566249,0.236136451
-2.73E-05,0.078123785,0.078123785,0.078123785,-8.88E-04,0.078123785,-8.53E-04,0.078123785,109.387762,-0.236794963
-2.37E-05,0.078126132,0.078126132,0.078126132,-8.88E-04,0.078126132,-8.51E-04,0.078126132,109.2512675,0.236220851
-2.31E-05,0.07812262,0.07812262,0.07812262,-8.88E-04,0.07812262,-8.54E-04,0.07812262,109.3821337,-0.236819758
-2.29E-05,0.078122881,0.078122881,0.078122881,-8.94E-04,0.078122881,-8.51E-04,0.078122881,109.2563239,0.236507907
-2.12E-05,0.078125861,0.078125861,0.078125861,-8.83E-04,0.078125861,-8.53E-04,0.078125861,109.3883639,-0.237360015
-2.37E-05,0.078124856,0.078124856,0.078124856,-8.89E-04,0.078124856,-8.52E-04,0.078124856,109.2509665,0.236681475
-2.27E-05,0.078126849,0.078126849,0.078126849,-8.88E-04,0.078126849,-8.54E-04,0.078126849,109.3862872,-0.237168803
-2.37E-05,0.078125647,0.078125647,0.078125647,-8.93E-04,0.078125647,-8.54E-04,0.078125647,109.2500635,0.237061515
-2.25E-05,0.07812575,0.07812575,0.07812575,-8.83E-04,0.07812575,-8.55E-04,0.07812575,109.3830065,-0.237199797
-2.16E-05,0.0781271,0.0781271,0.0781271,-8.90E-04,0.0781271,-8.53E-04,0.0781271,109.2488897,0.237153544
-2.49E-05,0.078124017,0.078124017,0.078124017,-8.86E-04,0.078124017,-8.58E-04,0.078124017,109.3764752,-0.237480178
-2.32E-05,0.07812439,0.07812439,0.07812439,-8.89E-04,0.07812439,-8.55E-04,0.07812439,109.2571968,0.237199797
-2.50E-05,0.078122816,0.078122816,0.078122816,-8.92E-04,0.078122816,-8.53E-04,0.078122816,109.3824045,-0.237492575
-2.08E-05,0.07812493,0.07812493,0.07812493,-8.95E-04,0.07812493,-8.53E-04,0.07812493,109.2524413,0.237381472
-2.29E-05,0.078124874,0.078124874,0.078124874,-8.91E-04,0.078124874,-8.53E-04,0.078124874,109.3836085,-0.237898364
-2.00E-05,0.078127184,0.078127184,0.078127184,-8.91E-04,0.078127184,-8.47E-04,0.078127184,109.260026,0.237278952
-2.88E-05,0.078122285,0.078122285,0.078122285,-8.92E-04,0.078122285,-8.57E-04,0.078122285,109.38716,-0.237851157
-2.37E-05,0.078124455,0.078124455,0.078124455,-8.96E-04,0.078124455,-8.53E-04,0.078124455,109.2518694,0.237631335
-2.56E-05,0.078125079,0.078125079,0.078125079,-8.87E-04,0.078125079,-8.51E-04,0.078125079,109.3830065,-0.237743869
-2.02E-05,0.07812453,0.07812453,0.07812453,-8.90E-04,0.07812453,-8.49E-04,0.07812453,109.2533442,0.237388148
-2.45E-05,0.07812425,0.07812425,0.07812425,-8.94E-04,0.07812425,-8.55E-04,0.07812425,109.3824045,-0.23788692
-2.24E-05,0.078125694,0.078125694,0.078125694,-8.92E-04,0.078125694,-8.49E-04,0.078125694,109.2557822,0.237710967
-2.48E-05,0.078124045,0.078124045,0.078124045,-8.90E-04,0.078124045,-8.53E-04,0.078124045,109.3847823,-0.238551631
-2.02E-05,0.07812751,0.07812751,0.07812751,-8.93E-04,0.07812751,-8.49E-04,0.07812751,109.2536452,0.238106265
-2.50E-05,0.078123012,0.078123012,0.078123012,-8.90E-04,0.078123012,-8.54E-04,0.078123012,109.3847823,-0.238682761
-1.98E-05,0.078125601,0.078125601,0.078125601,-8.89E-04,0.078125601,-8.47E-04,0.078125601,109.2588522,0.238147273
-1.94E-05,0.07812602,0.07812602,0.07812602,-8.85E-04,0.07812602,-8.55E-04,0.07812602,109.3842104,-0.238583579
-2.17E-05,0.078124744,0.078124744,0.078124744,-8.89E-04,0.078124744,-8.52E-04,0.078124744,109.2560229,0.238388553
-1.95E-05,0.078127556,0.078127556,0.078127556,-8.81E-04,0.078127556,-8.50E-04,0.078127556,109.3806288,-0.238770499
-2.16E-05,0.078126383,0.078126383,0.078126383,-8.90E-04,0.078126383,-8.53E-04,0.078126383,109.2539462,0.238429561
-2.45E-05,0.07812479,0.07812479,0.07812479,-8.85E-04,0.07812479,-8.53E-04,0.07812479,109.3821337,-0.238730445
-2.41E-05,0.078120739,0.078120739,0.078120739,-8.94E-04,0.078120739,-8.56E-04,0.078120739,109.2536452,0.238509669
-3.11E-05,0.078121196,0.078121196,0.078121196,-8.92E-04,0.078121196,-8.60E-04,0.078121196,109.3865882,-0.238891616
-2.32E-05,0.078124977,0.078124977,0.078124977,-8.94E-04,0.078124977,-8.55E-04,0.078124977,109.2530432,0.238492503
-2.30E-05,0.078123785,0.078123785,0.078123785,-8.93E-04,0.078123785,-8.54E-04,0.078123785,109.3789132,-0.238948836
-2.14E-05,0.078122108,0.078122108,0.078122108,-8.97E-04,0.078122108,-8.56E-04,0.078122108,109.2550598,0.238705172
-2.62E-05,0.078123263,0.078123263,0.078123263,-8.95E-04,0.078123263,-8.54E-04,0.078123263,109.3907417,-0.239384189
-1.94E-05,0.078128059,0.078128059,0.078128059,-8.93E-04,0.078128059,-8.50E-04,0.078128059,109.2518694,0.238998427
-2.33E-05,0.078127007,0.078127007,0.078127007,-8.90E-04,0.078127007,-8.50E-04,0.078127007,109.3806288,-0.239542499
-2.81E-05,0.078125983,0.078125983,0.078125983,-8.96E-04,0.078125983,-8.50E-04,0.078125983,109.2574978,0.238925471
-2.32E-05,0.078126141,0.078126141,0.078126141,-8.89E-04,0.078126141,-8.52E-04,0.078126141,109.3847823,-0.239532962
-2.07E-05,0.078127175,0.078127175,0.078127175,-8.88E-04,0.078127175,-8.47E-04,0.078127175,109.2560229,0.238990321
-2.21E-05,0.078125806,0.078125806,0.078125806,-8.87E-04,0.078125806,-8.51E-04,0.078125806,109.3853842,-0.239349856
-2.68E-05,0.078125573,0.078125573,0.078125573,-8.93E-04,0.078125573,-8.54E-04,0.078125573,109.2546685,0.238946452
-2.37E-05,0.078125116,0.078125116,0.078125116,-8.86E-04,0.078125116,-8.52E-04,0.078125116,109.3856852,-0.239707961
-2.24E-05,0.078124502,0.078124502,0.078124502,-8.92E-04,0.078124502,-8.55E-04,0.078124502,109.2543977,0.239335074
-2.32E-05,0.078122984,0.078122984,0.078122984,-8.88E-04,0.078122984,-8.56E-04,0.078122984,109.3927282,-0.240044608
-2.28E-05,0.078125386,0.078125386,0.078125386,-8.90E-04,0.078125386,-8.48E-04,0.078125386,109.254819,0.239445701
-2.47E-05,0.078122993,0.078122993,0.078122993,-8.88E-04,0.078122993,-8.55E-04,0.078122993,109.3842104,-0.239820018
-2.27E-05,0.078125321,0.078125321,0.078125321,-8.91E-04,0.078125321,-8.56E-04,0.078125321,109.2471139,0.239418044
-2.45E-05,0.078123338,0.078123338,0.078123338,-8.89E-04,0.078123338,-8.56E-04,0.078123338,109.3812909,-0.24031879
-1.90E-05,0.078124502,0.078124502,0.078124502,-8.89E-04,0.078124502,-8.54E-04,0.078124502,109.2533442,0.239658847
-1.51E-05,0.07812873,0.07812873,0.07812873,-8.86E-04,0.07812873,-8.48E-04,0.07812873,109.388063,-0.240387454
-2.29E-05,0.078125964,0.078125964,0.078125964,-8.90E-04,0.078125964,-8.49E-04,0.078125964,109.2482878,0.24014379
-1.99E-05,0.078126998,0.078126998,0.078126998,-8.84E-04,0.078126998,-8.52E-04,0.078126998,109.3847823,-0.240669742
-2.53E-05,0.07812344,0.07812344,0.07812344,-8.98E-04,0.07812344,-8.55E-04,0.07812344,109.2546685,0.240294948
-2.21E-05,0.07812507,0.07812507,0.07812507,-8.87E-04,0.07812507,-8.56E-04,0.07812507,109.3821337,-0.24094583
-2.20E-05,0.078125861,0.078125861,0.078125861,-8.92E-04,0.078125861,-8.58E-04,0.078125861,109.2506655,0.240480437
-2.14E-05,0.078125834,0.078125834,0.078125834,-8.90E-04,0.078125834,-8.55E-04,0.078125834,109.3830065,-0.240797057
-2.38E-05,0.078125107,0.078125107,0.078125107,-8.95E-04,0.078125107,-8.52E-04,0.078125107,109.2571968,0.240432277
-2.89E-05,0.078122425,0.078122425,0.078122425,-8.91E-04,0.078122425,-8.56E-04,0.078122425,109.3837589,-0.241065993
-2.15E-05,0.078129242,0.078129242,0.078129242,-8.85E-04,0.078129242,-8.45E-04,0.078129242,109.2527423,0.24036552
-2.22E-05,0.078128246,0.078128246,0.078128246,-8.82E-04,0.078128246,-8.48E-04,0.078128246,109.3781005,-0.24104692
-2.39E-05,0.078123049,0.078123049,0.078123049,-8.94E-04,0.078123049,-8.53E-04,0.078123049,109.2563239,0.240613952
-2.75E-05,0.078126597,0.078126597,0.078126597,-8.85E-04,0.078126597,-8.53E-04,0.078126597,109.387461,-0.241286292
-2.44E-05,0.078124651,0.078124651,0.078124651,-8.92E-04,0.078124651,-8.53E-04,0.078124651,109.2485887,0.240913882
-2.46E-05,0.0781252,0.0781252,0.0781252,-8.85E-04,0.0781252,-8.52E-04,0.0781252,109.3883639,-0.241348758
-2.40E-05,0.078125023,0.078125023,0.078125023,-8.92E-04,0.078125023,-8.52E-04,0.078125023,109.2580997,0.240923419
-2.29E-05,0.078124278,0.078124278,0.078124278,-8.88E-04,0.078124278,-8.54E-04,0.078124278,109.3853842,-0.241930022
-2.74E-05,0.078121419,0.078121419,0.078121419,-8.98E-04,0.078121419,-8.56E-04,0.078121419,109.2503645,0.24116899
-1.75E-05,0.078127026,0.078127026,0.078127026,-8.84E-04,0.078127026,-8.51E-04,0.078127026,109.3790035,-0.241870895
-2.12E-05,0.078126765,0.078126765,0.078126765,-8.91E-04,0.078126765,-8.52E-04,0.078126765,109.2518694,0.241283431
-2.26E-05,0.078126783,0.078126783,0.078126783,-8.89E-04,0.078126783,-8.49E-04,0.078126783,109.3815919,-0.242227569
-2.21E-05,0.078125573,0.078125573,0.078125573,-8.95E-04,0.078125573,-8.51E-04,0.078125573,109.2512675,0.241372123
-2.96E-05,0.078123598,0.078123598,0.078123598,-8.90E-04,0.078123598,-8.53E-04,0.078123598,109.387762,-0.241996303
-2.64E-05,0.078123105,0.078123105,0.078123105,-8.96E-04,0.078123105,-8.54E-04,0.078123105,109.2574978,0.241483226
-2.45E-05,0.078126886,0.078126886,0.078126886,-8.86E-04,0.078126886,-8.55E-04,0.078126886,109.3839094,-0.242494598
-2.33E-05,0.07812696,0.07812696,0.07812696,-8.91E-04,0.07812696,-8.55E-04,0.07812696,109.2587017,0.241767421
-2.72E-05,0.078122984,0.078122984,0.078122984,-8.93E-04,0.078122984,-8.56E-04,0.078122984,109.3827055,-0.242568031
-2.07E-05,0.078123421,0.078123421,0.078123421,-8.98E-04,0.078123421,-8.52E-04,0.078123421,109.254819,0.241617694
-2.41E-05,0.078126234,0.078126234,0.078126234,-8.85E-04,0.078126234,-8.52E-04,0.078126234,109.3827055,-0.242669597
-2.75E-05,0.078123049,0.078123049,0.078123049,-8.93E-04,0.078123049,-8.54E-04,0.078123049,109.2638785,0.242011562
-2.64E-05,0.078122956,0.078122956,0.078122956,-8.90E-04,0.078122956,-8.52E-04,0.078122956,109.3815919,-0.242484584
-1.87E-05,0.07812642,0.07812642,0.07812642,-8.94E-04,0.07812642,-8.53E-04,0.07812642,109.2606279,0.242098346
-2.62E-05,0.078121345,0.078121345,0.078121345,-8.91E-04,0.078121345,-8.59E-04,0.078121345,109.387461,-0.242767825
-2.39E-05,0.078125806,0.078125806,0.078125806,-8.94E-04,0.078125806,-8.47E-04,0.078125806,109.2584007,0.242484107
-2.64E-05,0.07812602,0.07812602,0.07812602,-8.86E-04,0.07812602,-8.55E-04,0.07812602,109.3815317,-0.243556991
-2.16E-05,0.078127109,0.078127109,0.078127109,-8.91E-04,0.078127109,-8.48E-04,0.078127109,109.2560229,0.24281837
-2.43E-05,0.078128199,0.078128199,0.078128199,-8.86E-04,0.078128199,-8.55E-04,0.078128199,109.3774384,-0.243394866
-2.11E-05,0.078129503,0.078129503,0.078129503,-8.88E-04,0.078129503,-8.48E-04,0.078129503,109.2515684,0.243300929
-2.28E-05,0.078126085,0.078126085,0.078126085,-8.87E-04,0.078126085,-8.52E-04,0.078126085,109.3928786,-0.243580356
-2.52E-05,0.078124641,0.078124641,0.078124641,-8.97E-04,0.078124641,-8.51E-04,0.078124641,109.2471139,0.243026271
-2.82E-05,0.078124567,0.078124567,0.078124567,-8.90E-04,0.078124567,-8.55E-04,0.078124567,109.3812307,-0.243857875
-2.22E-05,0.078123813,0.078123813,0.078123813,-8.91E-04,0.078123813,-8.54E-04,0.078123813,109.2497927,0.243456855
-2.22E-05,0.078127193,0.078127193,0.078127193,-8.84E-04,0.078127193,-8.53E-04,0.078127193,109.3836085,-0.244006648
-2.30E-05,0.078125386,0.078125386,0.078125386,-8.90E-04,0.078125386,-8.53E-04,0.078125386,109.254819,0.243719115
-2.63E-05,0.078123608,0.078123608,0.078123608,-8.86E-04,0.078123608,-8.55E-04,0.078123608,109.3850833,-0.244231239
-2.54E-05,0.078124558,0.078124558,0.078124558,-8.92E-04,0.078124558,-8.51E-04,0.078124558,109.2500635,0.2439356
-2.65E-05,0.078126439,0.078126439,0.078126439,-8.88E-04,0.078126439,-8.53E-04,0.078126439,109.3748499,-0.244533553
-2.28E-05,0.078126234,0.078126234,0.078126234,-8.87E-04,0.078126234,-8.53E-04,0.078126234,109.2527423,0.243967071
-2.44E-05,0.078122974,0.078122974,0.078122974,-8.92E-04,0.078122974,-8.54E-04,0.078122974,109.3886649,-0.244618907
-2.91E-05,0.078125228,0.078125228,0.078125228,-8.95E-04,0.078125228,-8.57E-04,0.078125228,109.2482878,0.244037166
-2.06E-05,0.078125526,0.078125526,0.078125526,-8.88E-04,0.078125526,-8.54E-04,0.078125526,109.3765354,-0.244704738
-2.79E-05,0.078122099,0.078122099,0.078122099,-9.01E-04,0.078122099,-8.58E-04,0.078122099,109.2533442,0.244266525
-2.57E-05,0.078125219,0.078125219,0.078125219,-8.90E-04,0.078125219,-8.55E-04,0.078125219,109.38716,-0.245169654
-2.71E-05,0.078125452,0.078125452,0.078125452,-8.97E-04,0.078125452,-8.53E-04,0.078125452,109.2539462,0.244430557
-2.22E-05,0.078126523,0.078126523,0.078126523,-8.91E-04,0.078126523,-8.50E-04,0.078126523,109.3803278,-0.245148673
-2.64E-05,0.078123356,0.078123356,0.078123356,-8.97E-04,0.078123356,-8.54E-04,0.078123356,109.2542472,0.24458076
-2.33E-05,0.078123906,0.078123906,0.078123906,-8.88E-04,0.078123906,-8.55E-04,0.078123906,109.3852337,-0.245299354
-2.67E-05,0.07812452,0.07812452,0.07812452,-8.97E-04,0.07812452,-8.51E-04,0.07812452,109.2482878,0.244929328
-2.77E-05,0.078121708,0.078121708,0.078121708,-8.89E-04,0.078121708,-8.58E-04,0.078121708,109.3842104,-0.245373264
-2.58E-05,0.078124623,0.078124623,0.078124623,-8.88E-04,0.078124623,-8.49E-04,0.078124623,109.2527423,0.245404258
-2.61E-05,0.078120804,0.078120804,0.078120804,-8.94E-04,0.078120804,-8.59E-04,0.078120804,109.3842104,-0.245828166
-2.23E-05,0.078125908,0.078125908,0.078125908,-8.92E-04,0.078125908,-8.52E-04,0.078125908,109.246211,0.245542064
-2.58E-05,0.078123133,0.078123133,0.078123133,-8.89E-04,0.078123133,-8.54E-04,0.078123133,109.374248,-0.245924487
-2.22E-05,0.078125405,0.078125405,0.078125405,-8.87E-04,0.078125405,-8.50E-04,0.078125405,109.2512675,0.245653644
-2.72E-05,0.078121568,0.078121568,0.078121568,-8.91E-04,0.078121568,-8.57E-04,0.078121568,109.3844813,-0.246125713
-2.40E-05,0.078125796,0.078125796,0.078125796,-8.91E-04,0.078125796,-8.52E-04,0.078125796,109.2515684,0.245445266
-2.49E-05,0.078124055,0.078124055,0.078124055,-8.87E-04,0.078124055,-8.56E-04,0.078124055,109.3791539,-0.245998874
-2.29E-05,0.078123775,0.078123775,0.078123775,-8.93E-04,0.078123775,-8.53E-04,0.078123775,109.2515684,0.245807186
-2.56E-05,0.078125526,0.078125526,0.078125526,-8.89E-04,0.078125526,-8.53E-04,0.078125526,109.3887251,-0.24638845
-2.57E-05,0.078122583,0.078122583,0.078122583,-8.97E-04,0.078122583,-8.55E-04,0.078122583,109.2509665,0.246067539
-2.58E-05,0.078124735,0.078124735,0.078124735,-8.88E-04,0.078124735,-8.56E-04,0.078124735,109.3783413,-0.246448055
-1.63E-05,0.078127407,0.078127407,0.078127407,-8.95E-04,0.078127407,-8.51E-04,0.078127407,109.2509665,0.246207729
-2.79E-05,0.07812453,0.07812453,0.07812453,-8.90E-04,0.07812453,-8.55E-04,0.07812453,109.3859862,-0.246744647
-2.85E-05,0.078123179,0.078123179,0.078123179,-8.93E-04,0.078123179,-8.56E-04,0.078123179,109.2474149,0.246840015
-2.49E-05,0.07812452,0.07812452,0.07812452,-8.91E-04,0.07812452,-8.56E-04,0.07812452,109.3827055,-0.247326389
-2.55E-05,0.078121903,0.078121903,0.078121903,-9.00E-04,0.078121903,-8.53E-04,0.078121903,109.2563239,0.24641706
-2.15E-05,0.078123701,0.078123701,0.078123701,-8.92E-04,0.078123701,-8.54E-04,0.078123701,109.3853842,-0.247371688
-2.16E-05,0.078126728,0.078126728,0.078126728,-8.93E-04,0.078126728,-8.54E-04,0.078126728,109.25512,0.247136131
-2.12E-05,0.078128274,0.078128274,0.078128274,-8.83E-04,0.078128274,-8.47E-04,0.078128274,109.388063,-0.247637763
-2.33E-05,0.078125582,0.078125582,0.078125582,-8.94E-04,0.078125582,-8.48E-04,0.078125582,109.2485887,0.247301593
-2.14E-05,0.078127948,0.078127948,0.078127948,-8.85E-04,0.078127948,-8.49E-04,0.078127948,109.3794549,-0.247800842
-2.96E-05,0.078120935,0.078120935,0.078120935,-8.96E-04,0.078120935,-8.54E-04,0.078120935,109.2509665,0.247270599
-2.29E-05,0.078126234,0.078126234,0.078126234,-8.83E-04,0.078126234,-8.53E-04,0.078126234,109.3816822,-0.248034015
-2.20E-05,0.07812479,0.07812479,0.07812479,-8.93E-04,0.07812479,-8.51E-04,0.07812479,109.2509665,0.247655883
-2.58E-05,0.078123561,0.078123561,0.078123561,-8.87E-04,0.078123561,-8.55E-04,0.078123561,109.3836085,-0.248174682
-2.52E-05,0.07812317,0.07812317,0.07812317,-8.92E-04,0.07812317,-8.54E-04,0.07812317,109.2488897,0.247336879
-2.26E-05,0.078126048,0.078126048,0.078126048,-8.84E-04,0.078126048,-8.55E-04,0.078126048,109.3795151,-0.247884288
-2.35E-05,0.07812371,0.07812371,0.07812371,-8.93E-04,0.07812371,-8.53E-04,0.07812371,109.2521704,0.247716442
-2.38E-05,0.078123999,0.078123999,0.078123999,-8.89E-04,0.078123999,-8.55E-04,0.078123999,109.3875513,-0.248590007
-2.51E-05,0.078124166,0.078124166,0.078124166,-8.95E-04,0.078124166,-8.51E-04,0.078124166,109.2533442,0.24797298
-2.23E-05,0.07812547,0.07812547,0.07812547,-8.90E-04,0.07812547,-8.53E-04,0.07812547,109.3889659,-0.24862577
-2.09E-05,0.07812493,0.07812493,0.07812493,-8.93E-04,0.07812493,-8.52E-04,0.07812493,109.2471139,0.248365894
-2.31E-05,0.078126346,0.078126346,0.078126346,-8.87E-04,0.078126346,-8.52E-04,0.078126346,109.3850833,-0.248914257
-2.30E-05,0.078121801,0.078121801,0.078121801,-8.93E-04,0.078121801,-8.58E-04,0.078121801,109.2482878,0.248323455
-2.29E-05,0.07812669,0.07812669,0.07812669,-8.86E-04,0.07812669,-8.50E-04,0.07812669,109.3844813,-0.249103084
-2.50E-05,0.078123552,0.078123552,0.078123552,-8.94E-04,0.078123552,-8.54E-04,0.078123552,109.2524413,0.248506561
-2.46E-05,0.078127063,0.078127063,0.078127063,-8.85E-04,0.078127063,-8.54E-04,0.078127063,109.3860464,-0.24939014
-2.34E-05,0.078124055,0.078124055,0.078124055,-8.91E-04,0.078124055,-8.55E-04,0.078124055,109.2527423,0.248759761
-2.48E-05,0.078125321,0.078125321,0.078125321,-8.88E-04,0.078125321,-8.53E-04,0.078125321,109.3851736,-0.249434963
-2.24E-05,0.078126132,0.078126132,0.078126132,-8.94E-04,0.078126132,-8.52E-04,0.078126132,109.2482878,0.248887077
-2.65E-05,0.078122145,0.078122145,0.078122145,-8.91E-04,0.078122145,-8.58E-04,0.078122145,109.3824948,-0.249741569
-2.27E-05,0.078126579,0.078126579,0.078126579,-8.90E-04,0.078126579,-8.54E-04,0.078126579,109.2494917,0.249064937
-2.51E-05,0.078125219,0.078125219,0.078125219,-8.88E-04,0.078125219,-8.53E-04,0.078125219,109.3775287,-0.249633327
-2.34E-05,0.078123766,0.078123766,0.078123766,-8.95E-04,0.078123766,-8.58E-04,0.078123766,109.2595745,0.249210849
-2.28E-05,0.078127231,0.078127231,0.078127231,-8.84E-04,0.078127231,-8.52E-04,0.078127231,109.3886649,-0.249722019
-2.71E-05,0.07812398,0.07812398,0.07812398,-8.97E-04,0.07812398,-8.53E-04,0.07812398,109.2491907,0.249417797
-2.45E-05,0.078121996,0.078121996,0.078121996,-8.92E-04,0.078121996,-8.55E-04,0.078121996,109.3847823,-0.25029327
-2.40E-05,0.078125321,0.078125321,0.078125321,-8.93E-04,0.078125321,-8.50E-04,0.078125321,109.2539462,0.249582782
-2.90E-05,0.07812276,0.07812276,0.07812276,-8.92E-04,0.07812276,-8.54E-04,0.07812276,109.3923068,-0.250551716
-2.38E-05,0.078124045,0.078124045,0.078124045,-8.97E-04,0.078124045,-8.55E-04,0.078124045,109.2497927,0.249884143
-2.60E-05,0.07812398,0.07812398,0.07812398,-8.88E-04,0.07812398,-8.56E-04,0.07812398,109.3832473,-0.250590816
-2.17E-05,0.078125834,0.078125834,0.078125834,-8.92E-04,0.078125834,-8.50E-04,0.078125834,109.2533442,0.250034824
-2.41E-05,0.078125284,0.078125284,0.078125284,-8.86E-04,0.078125284,-8.54E-04,0.078125284,109.3862872,-0.250840679
-2.23E-05,0.078123943,0.078123943,0.078123943,-8.94E-04,0.078123943,-8.52E-04,0.078123943,109.2533442,0.250443473
-2.57E-05,0.078121931,0.078121931,0.078121931,-8.92E-04,0.078121931,-8.56E-04,0.078121931,109.387461,-0.251002804
-2.06E-05,0.078126122,0.078126122,0.078126122,-8.90E-04,0.078126122,-8.53E-04,0.078126122,109.2574978,0.250287071
-2.71E-05,0.078121633,0.078121633,0.078121633,-8.90E-04,0.078121633,-8.58E-04,0.078121633,109.3805686,-0.251429573
-2.30E-05,0.078124884,0.078124884,0.078124884,-8.91E-04,0.078124884,-8.53E-04,0.078124884,109.2509665,0.250378624
-2.51E-05,0.07812588,0.07812588,0.07812588,-8.87E-04,0.07812588,-8.54E-04,0.07812588,109.3804783,-0.251211181
-2.17E-05,0.078126905,0.078126905,0.078126905,-8.93E-04,0.078126905,-8.53E-04,0.078126905,109.2530432,0.250789657
-2.56E-05,0.078123468,0.078123468,0.078123468,-8.93E-04,0.078123468,-8.59E-04,0.078123468,109.3858357,-0.251389518
-2.32E-05,0.078125861,0.078125861,0.078125861,-8.93E-04,0.078125861,-8.55E-04,0.078125861,109.2518694,0.250830188
-2.16E-05,0.078128097,0.078128097,0.078128097,-8.84E-04,0.078128097,-8.53E-04,0.078128097,109.387461,-0.251613632
-2.26E-05,0.078125033,0.078125033,0.078125033,-8.94E-04,0.078125033,-8.51E-04,0.078125033,109.2488897,0.251181141
-2.65E-05,0.078123645,0.078123645,0.078123645,-8.90E-04,0.078123645,-8.53E-04,0.078123645,109.3730441,-0.25197269
-2.76E-05,0.078122565,0.078122565,0.078122565,-8.96E-04,0.078122565,-8.55E-04,0.078122565,109.2518694,0.25130035
-2.49E-05,0.078126392,0.078126392,0.078126392,-8.86E-04,0.078126392,-8.53E-04,0.078126392,109.3925777,-0.251844898
-2.39E-05,0.078127473,0.078127473,0.078127473,-8.89E-04,0.078127473,-8.50E-04,0.078127473,109.245609,0.251341358
-2.49E-05,0.078125275,0.078125275,0.078125275,-8.90E-04,0.078125275,-8.53E-04,0.078125275,109.3811404,-0.252340332
-2.48E-05,0.078124343,0.078124343,0.078124343,-8.91E-04,0.078124343,-8.51E-04,0.078124343,109.2503645,0.251893535
-2.48E-05,0.07812561,0.07812561,0.07812561,-8.88E-04,0.07812561,-8.53E-04,0.07812561,109.3799064,-0.252580181
-2.30E-05,0.078125517,0.078125517,0.078125517,-8.90E-04,0.078125517,-8.51E-04,0.078125517,109.2533442,0.252234474
-2.50E-05,0.078126225,0.078126225,0.078126225,-8.85E-04,0.078126225,-8.55E-04,0.078126225,109.3853842,-0.252554909
-2.37E-05,0.07812683,0.07812683,0.07812683,-8.91E-04,0.07812683,-8.49E-04,0.07812683,109.2518694,0.252078548
-2.73E-05,0.078125191,0.078125191,0.078125191,-8.82E-04,0.078125191,-8.52E-04,0.078125191,109.3812909,-0.25303413
-2.50E-05,0.078122658,0.078122658,0.078122658,-8.93E-04,0.078122658,-8.56E-04,0.078122658,109.2450372,0.252340332
-2.56E-05,0.078123244,0.078123244,0.078123244,-8.94E-04,0.078123244,-8.54E-04,0.078123244,109.3908019,-0.252902046
-2.55E-05,0.07812344,0.07812344,0.07812344,-8.91E-04,0.07812344,-8.52E-04,0.07812344,109.246211,0.252603069
-2.30E-05,0.0781267,0.0781267,0.0781267,-8.89E-04,0.0781267,-8.56E-04,0.0781267,109.3786423,-0.25334312
-2.10E-05,0.078125191,0.078125191,0.078125191,-8.95E-04,0.078125191,-8.56E-04,0.078125191,109.2509665,0.252727524
-2.80E-05,0.078124437,0.078124437,0.078124437,-8.93E-04,0.078124437,-8.57E-04,0.078124437,109.3852337,-0.253339783
-1.75E-05,0.078123999,0.078123999,0.078123999,-8.96E-04,0.078123999,-8.58E-04,0.078123999,109.2492509,0.253026501
-2.10E-05,0.07812602,0.07812602,0.07812602,-8.89E-04,0.07812602,-8.54E-04,0.07812602,109.3819832,-0.253701702
-2.40E-05,0.078124101,0.078124101,0.078124101,-8.97E-04,0.078124101,-8.53E-04,0.078124101,109.24591,0.253358379
-2.36E-05,0.078123943,0.078123943,0.078123943,-8.90E-04,0.078123943,-8.56E-04,0.078123943,109.3854745,-0.254156605
-2.16E-05,0.078125042,0.078125042,0.078125042,-8.94E-04,0.078125042,-8.51E-04,0.078125042,109.2474149,0.253314987
-2.79E-05,0.078124194,0.078124194,0.078124194,-8.88E-04,0.078124194,-8.53E-04,0.078124194,109.3790035,-0.254418865
-2.66E-05,0.078122788,0.078122788,0.078122788,-8.98E-04,0.078122788,-8.54E-04,0.078122788,109.2460003,0.253924862
-2.66E-05,0.078124567,0.078124567,0.078124567,-8.89E-04,0.078124567,-8.55E-04,0.078124567,109.3931796,-0.254666344
-2.43E-05,0.078124809,0.078124809,0.078124809,-8.93E-04,0.078124809,-8.51E-04,0.078124809,109.2518694,0.254015461
-2.45E-05,0.078126001,0.078126001,0.078126001,-8.85E-04,0.078126001,-8.54E-04,0.078126001,109.3888154,-0.25435926
-2.47E-05,0.078126728,0.078126728,0.078126728,-8.93E-04,0.078126728,-8.48E-04,0.078126728,109.2506655,0.254242435
-2.56E-05,0.07812466,0.07812466,0.07812466,-8.91E-04,0.07812466,-8.56E-04,0.07812466,109.383157,-0.254824177
-2.42E-05,0.078123421,0.078123421,0.078123421,-8.95E-04,0.078123421,-8.55E-04,0.078123421,109.2482878,0.254344955
-2.22E-05,0.078125005,0.078125005,0.078125005,-8.85E-04,0.078125005,-8.56E-04,0.078125005,109.3815919,-0.254907146
-2.72E-05,0.078122024,0.078122024,0.078122024,-8.98E-04,0.078122024,-8.56E-04,0.078122024,109.2424186,0.254122749
-2.50E-05,0.078123682,0.078123682,0.078123682,-8.85E-04,0.078123682,-8.55E-04,0.078123682,109.3852337,-0.254977241
-2.43E-05,0.078123952,0.078123952,0.078123952,-8.95E-04,0.078123952,-8.56E-04,0.078123952,109.2409438,0.25405027
-2.34E-05,0.07812629,0.07812629,0.07812629,-8.89E-04,0.07812629,-8.53E-04,0.07812629,109.3804181,-0.255052105
-2.50E-05,0.078121969,0.078121969,0.078121969,-8.97E-04,0.078121969,-8.55E-04,0.078121969,109.2497927,0.254334465
-2.36E-05,0.078122853,0.078122853,0.078122853,-8.91E-04,0.078122853,-8.55E-04,0.078122853,109.3833075,-0.25541021
-3.04E-05,0.078120842,0.078120842,0.078120842,-8.96E-04,0.078120842,-8.56E-04,0.078120842,109.2447964,0.254868999
-2.19E-05,0.078125554,0.078125554,0.078125554,-8.89E-04,0.078125554,-8.53E-04,0.078125554,109.3896281,-0.255807892
-2.32E-05,0.078124548,0.078124548,0.078124548,-8.93E-04,0.078124548,-8.55E-04,0.078124548,109.2438332,0.255322472
-2.69E-05,0.078123747,0.078123747,0.078123747,-8.88E-04,0.078123747,-8.53E-04,0.078123747,109.3865882,-0.256022945
-2.62E-05,0.078121931,0.078121931,0.078121931,-8.97E-04,0.078121931,-8.58E-04,0.078121931,109.2509665,0.255194679
-2.82E-05,0.078124278,0.078124278,0.078124278,-8.89E-04,0.078124278,-8.59E-04,0.078124278,109.3846318,-0.255776897
-2.96E-05,0.078123282,0.078123282,0.078123282,-8.99E-04,0.078123282,-8.56E-04,0.078123282,109.2421177,0.255192772
-2.44E-05,0.078125154,0.078125154,0.078125154,-8.89E-04,0.078125154,-8.52E-04,0.078125154,109.3888154,-0.256326691
-2.14E-05,0.0781252,0.0781252,0.0781252,-8.96E-04,0.0781252,-8.52E-04,0.0781252,109.2447964,0.255696789
-2.42E-05,0.078125135,0.078125135,0.078125135,-8.90E-04,0.078125135,-8.57E-04,0.078125135,109.3817424,-0.256627098
-2.52E-05,0.078125023,0.078125023,0.078125023,-8.98E-04,0.078125023,-8.53E-04,0.078125023,109.2521704,0.25579454
-2.62E-05,0.078123496,0.078123496,0.078123496,-8.89E-04,0.078123496,-8.51E-04,0.078123496,109.3920058,-0.256496922
-2.69E-05,0.07812574,0.07812574,0.07812574,-8.94E-04,0.07812574,-8.51E-04,0.07812574,109.2424186,0.256013409
-2.70E-05,0.078123626,0.078123626,0.078123626,-8.91E-04,0.078123626,-8.55E-04,0.078123626,109.3781005,-0.256849304
-2.34E-05,0.078123533,0.078123533,0.078123533,-8.94E-04,0.078123533,-8.54E-04,0.078123533,109.242208,0.256247536
-2.56E-05,0.078121941,0.078121941,0.078121941,-8.93E-04,0.078121941,-8.60E-04,0.078121941,109.3830968,-0.257084385
-2.33E-05,0.07812588,0.07812588,0.07812588,-8.92E-04,0.07812588,-8.49E-04,0.07812588,109.2569259,0.256255165
-2.23E-05,0.078124688,0.078124688,0.078124688,-8.90E-04,0.078124688,-8.54E-04,0.078124688,109.3847221,-0.25719215
-2.94E-05,0.078123738,0.078123738,0.078123738,-8.96E-04,0.078123738,-8.55E-04,0.078123738,109.2497927,0.256503597
-1.72E-05,0.07812764,0.07812764,0.07812764,-8.83E-04,0.07812764,-8.49E-04,0.07812764,109.3881232,-0.257352367
-2.33E-05,0.078125685,0.078125685,0.078125685,-8.93E-04,0.078125685,-8.54E-04,0.078125685,109.248679,0.256708637
-2.19E-05,0.078125731,0.078125731,0.078125731,-8.84E-04,0.078125731,-8.56E-04,0.078125731,109.3879727,-0.257655636
-2.06E-05,0.078126783,0.078126783,0.078126783,-8.91E-04,0.078126783,-8.54E-04,0.078126783,109.2433216,0.257017628
-2.00E-05,0.078127556,0.078127556,0.078127556,-8.83E-04,0.078127556,-8.52E-04,0.078127556,109.3819832,-0.257969395
-2.39E-05,0.078122648,0.078122648,0.078122648,-8.95E-04,0.078122648,-8.57E-04,0.078122648,109.2439235,0.257161633
-2.44E-05,0.078126057,0.078126057,0.078126057,-8.85E-04,0.078126057,-8.51E-04,0.078126057,109.3790637,-0.258276001
-2.38E-05,0.078123151,0.078123151,0.078123151,-8.95E-04,0.078123151,-8.56E-04,0.078123151,109.2389273,0.257416264
-2.96E-05,0.07812005,0.07812005,0.07812005,-8.93E-04,0.07812005,-8.58E-04,0.07812005,109.3815317,-0.258130566
-2.44E-05,0.078123254,0.078123254,0.078123254,-8.99E-04,0.078123254,-8.59E-04,0.078123254,109.2447964,0.25762035
-2.63E-05,0.078125582,0.078125582,0.078125582,-8.91E-04,0.078125582,-8.51E-04,0.078125582,109.3758131,-0.25832893
-2.60E-05,0.078123887,0.078123887,0.078123887,-8.97E-04,0.078123887,-8.53E-04,0.078123887,109.2539462,0.257858769
-2.59E-05,0.078127603,0.078127603,0.078127603,-8.86E-04,0.078127603,-8.57E-04,0.078127603,109.3832473,-0.25844194
-2.47E-05,0.078124101,0.078124101,0.078124101,-9.00E-04,0.078124101,-8.54E-04,0.078124101,109.2442245,0.25790836
-2.56E-05,0.078125796,0.078125796,0.078125796,-8.93E-04,0.078125796,-8.50E-04,0.078125796,109.3847221,-0.258676544
-2.10E-05,0.078126243,0.078126243,0.078126243,-8.97E-04,0.078126243,-8.51E-04,0.078126243,109.2450974,0.257763878
-2.90E-05,0.078122313,0.078122313,0.078122313,-8.89E-04,0.078122313,-8.54E-04,0.078122313,109.3878222,-0.258901612
-2.54E-05,0.078123794,0.078123794,0.078123794,-8.95E-04,0.078123794,-8.52E-04,0.078123794,109.2383554,0.25811483
-2.92E-05,0.07812168,0.07812168,0.07812168,-8.92E-04,0.07812168,-8.60E-04,0.07812168,109.3858959,-0.259070412
-2.69E-05,0.078123384,0.078123384,0.078123384,-8.95E-04,0.078123384,-8.54E-04,0.078123384,109.248679,0.258493916
-2.56E-05,0.078124902,0.078124902,0.078124902,-8.84E-04,0.078124902,-8.52E-04,0.078124902,109.3775287,-0.259500519
-2.29E-05,0.078125591,0.078125591,0.078125591,-8.89E-04,0.078125591,-8.53E-04,0.078125591,109.2383554,0.258854881
-2.48E-05,0.078125591,0.078125591,0.078125591,-8.86E-04,0.078125591,-8.52E-04,0.078125591,109.3858357,-0.259609715
-2.05E-05,0.078128218,0.078128218,0.078128218,-8.88E-04,0.078128218,-8.48E-04,0.078128218,109.2463013,0.259172455
-2.35E-05,0.078122825,0.078122825,0.078122825,-8.87E-04,0.078122825,-8.56E-04,0.078122825,109.3858357,-0.260025517
-2.57E-05,0.078125079,0.078125079,0.078125079,-8.89E-04,0.078125079,-8.52E-04,0.078125079,109.2491907,0.258986489
-2.56E-05,0.078125685,0.078125685,0.078125685,-8.85E-04,0.078125685,-8.51E-04,0.078125685,109.3885144,-0.26022102
-2.38E-05,0.078124502,0.078124502,0.078124502,-8.92E-04,0.078124502,-8.56E-04,0.078124502,109.2456993,0.259354607
-2.32E-05,0.078124483,0.078124483,0.078124483,-8.90E-04,0.078124483,-8.56E-04,0.078124483,109.3879125,-0.260222927
-2.08E-05,0.078125778,0.078125778,0.078125778,-8.91E-04,0.078125778,-8.55E-04,0.078125778,109.2509665,0.259534374
-1.77E-05,0.078126765,0.078126765,0.078126765,-8.90E-04,0.078126765,-8.54E-04,0.078126765,109.3884241,-0.260084645
-2.06E-05,0.078123962,0.078123962,0.078123962,-8.95E-04,0.078123962,-8.55E-04,0.078123962,109.2433818,0.259608761
-2.27E-05,0.078124288,0.078124288,0.078124288,-8.90E-04,0.078124288,-8.56E-04,0.078124288,109.3899892,-0.26042606
-2.33E-05,0.078124353,0.078124353,0.078124353,-8.98E-04,0.078124353,-8.52E-04,0.078124353,109.2433216,0.260049359
-2.35E-05,0.078125508,0.078125508,0.078125508,-8.89E-04,0.078125508,-8.52E-04,0.078125508,109.396671,-0.260458008
-2.30E-05,0.078124558,0.078124558,0.078124558,-8.99E-04,0.078124558,-8.61E-04,0.078124558,109.2471741,0.25989391
-2.97E-05,0.07812385,0.07812385,0.07812385,-8.94E-04,0.07812385,-8.58E-04,0.07812385,109.3804783,-0.260946289
-2.22E-05,0.078126029,0.078126029,0.078126029,-8.95E-04,0.078126029,-8.54E-04,0.078126029,109.2442245,0.260041252
-2.35E-05,0.078126001,0.078126001,0.078126001,-8.88E-04,0.078126001,-8.55E-04,0.078126001,109.3852337,-0.261126057
-2.29E-05,0.078126281,0.078126281,0.078126281,-8.94E-04,0.078126281,-8.51E-04,0.078126281,109.2421177,0.260321633
-2.30E-05,0.078127771,0.078127771,0.078127771,-8.84E-04,0.078127771,-8.51E-04,0.078127771,109.3784015,-0.261414067
-2.53E-05,0.078126625,0.078126625,0.078126625,-8.93E-04,0.078126625,-8.54E-04,0.078126625,109.2433216,0.260727898
-2.45E-05,0.078124399,0.078124399,0.078124399,-8.90E-04,0.078124399,-8.54E-04,0.078124399,109.3832473,-0.261238114
-2.67E-05,0.07812236,0.07812236,0.07812236,-8.96E-04,0.07812236,-8.55E-04,0.07812236,109.2428099,0.26127483
-2.79E-05,0.078124744,0.078124744,0.078124744,-8.91E-04,0.078124744,-8.57E-04,0.078124744,109.3893271,-0.261665837
-2.51E-05,0.078123682,0.078123682,0.078123682,-8.97E-04,0.078123682,-8.53E-04,0.078123682,109.23977,0.260824696
-1.98E-05,0.078128097,0.078128097,0.078128097,-8.86E-04,0.078128097,-8.53E-04,0.078128097,109.3905912,-0.26187183
-2.40E-05,0.078123626,0.078123626,0.078123626,-8.95E-04,0.078123626,-8.56E-04,0.078123626,109.2501538,0.261168019
-2.65E-05,0.078123673,0.078123673,0.078123673,-8.91E-04,0.078123673,-8.55E-04,0.078123673,109.3908019,-0.261964814
-2.61E-05,0.078123161,0.078123161,0.078123161,-8.96E-04,0.078123161,-8.51E-04,0.078123161,109.2365495,0.261263386
-2.12E-05,0.078124474,0.078124474,0.078124474,-8.89E-04,0.078124474,-8.53E-04,0.078124474,109.3899892,-0.261981026
-2.32E-05,0.078123813,0.078123813,0.078123813,-8.92E-04,0.078123813,-8.57E-04,0.078123813,109.2474751,0.261643902
-2.41E-05,0.078125526,0.078125526,0.078125526,-8.89E-04,0.078125526,-8.54E-04,0.078125526,109.3829463,-0.262013928
-2.86E-05,0.078122052,0.078122052,0.078122052,-8.92E-04,0.078122052,-8.60E-04,0.078122052,109.241606,0.26189901
-2.51E-05,0.078127082,0.078127082,0.078127082,-8.87E-04,0.078127082,-8.51E-04,0.078127082,109.3896281,-0.262285725
-2.35E-05,0.078123608,0.078123608,0.078123608,-8.93E-04,0.078123608,-8.56E-04,0.078123608,109.2491907,0.26203014
-2.36E-05,0.078124632,0.078124632,0.078124632,-8.89E-04,0.078124632,-8.56E-04,0.078124632,109.3842706,-0.262575642
-2.53E-05,0.078124539,0.078124539,0.078124539,-8.96E-04,0.078124539,-8.52E-04,0.078124539,109.2431109,0.261981026
-2.06E-05,0.078128907,0.078128907,0.078128907,-8.85E-04,0.078128907,-8.51E-04,0.078128907,109.3826453,-0.262979046
-2.04E-05,0.078127193,0.078127193,0.078127193,-8.92E-04,0.078127193,-8.54E-04,0.078127193,109.2457595,0.262552277
-2.36E-05,0.078126439,0.078126439,0.078126439,-8.86E-04,0.078126439,-8.54E-04,0.078126439,109.3807792,-0.263424412
-2.47E-05,0.078123915,0.078123915,0.078123915,-8.95E-04,0.078123915,-8.56E-04,0.078123915,109.2383554,0.2625127
-2.56E-05,0.078122965,0.078122965,0.078122965,-8.91E-04,0.078122965,-8.56E-04,0.078122965,109.3920058,-0.263458268
-2.52E-05,0.07812534,0.07812534,0.07812534,-8.92E-04,0.07812534,-8.51E-04,0.07812534,109.2421177,0.262591854
-2.36E-05,0.078125312,0.078125312,0.078125312,-8.88E-04,0.078125312,-8.52E-04,0.078125312,109.396671,-0.263206498
-2.77E-05,0.078120432,0.078120432,0.078120432,-8.97E-04,0.078120432,-8.55E-04,0.078120432,109.2398302,0.262617604
-2.05E-05,0.078125228,0.078125228,0.078125228,-8.89E-04,0.078125228,-8.51E-04,0.078125228,109.383458,-0.26302673
-2.18E-05,0.078124856,0.078124856,0.078124856,-8.91E-04,0.078124856,-8.55E-04,0.078124856,109.2407332,0.262711541
-1.84E-05,0.078129233,0.078129233,0.078129233,-8.85E-04,0.078129233,-8.49E-04,0.078129233,109.3859862,-0.263410107
-2.86E-05,0.078122481,0.078122481,0.078122481,-8.99E-04,0.078122481,-8.55E-04,0.078122481,109.2466023,0.262759701
-2.73E-05,0.078123841,0.078123841,0.078123841,-8.91E-04,0.078123841,-8.56E-04,0.078123841,109.3829463,-0.26378061
-2.43E-05,0.078126402,0.078126402,0.078126402,-8.95E-04,0.078126402,-8.50E-04,0.078126402,109.2450974,0.263166443
-2.48E-05,0.078123161,0.078123161,0.078123161,-8.87E-04,0.078123161,-8.57E-04,0.078123161,109.3864377,-0.263920323
-2.39E-05,0.078125144,0.078125144,0.078125144,-8.92E-04,0.078125144,-8.50E-04,0.078125144,109.2418468,0.263431088
-2.28E-05,0.078125796,0.078125796,0.078125796,-8.82E-04,0.078125796,-8.50E-04,0.078125796,109.3808695,-0.264119641
-2.64E-05,0.078122173,0.078122173,0.078122173,-8.95E-04,0.078122173,-8.57E-04,0.078122173,109.2527423,0.26385738
-2.12E-05,0.078125591,0.078125591,0.078125591,-8.84E-04,0.078125591,-8.54E-04,0.078125591,109.3847221,-0.26455404
-2.80E-05,0.078123468,0.078123468,0.078123468,-8.91E-04,0.078123468,-8.54E-04,0.078123468,109.2460003,0.263645188
-1.85E-05,0.078125945,0.078125945,0.078125945,-8.87E-04,0.078125945,-8.55E-04,0.078125945,109.3873105,-0.264821068
-2.60E-05,0.078122946,0.078122946,0.078122946,-8.99E-04,0.078122946,-8.60E-04,0.078122946,109.2398302,0.264446751
-2.76E-05,0.078122918,0.078122918,0.078122918,-8.94E-04,0.078122918,-8.55E-04,0.078122918,109.3820434,-0.265029446
-2.74E-05,0.078122183,0.078122183,0.078122183,-9.01E-04,0.078122183,-8.54E-04,0.078122183,109.2412448,0.264259354
-2.54E-05,0.078122742,0.078122742,0.078122742,-8.92E-04,0.078122742,-8.55E-04,0.078122742,109.3857454,-0.26509525
-2.33E-05,0.078126234,0.078126234,0.078126234,-8.96E-04,0.078126234,-8.51E-04,0.078126234,109.2398302,0.264679925
-2.71E-05,0.078123747,0.078123747,0.078123747,-8.90E-04,0.078123747,-8.56E-04,0.078123747,109.3835182,-0.265407578
-2.41E-05,0.078126132,0.078126132,0.078126132,-8.93E-04,0.078126132,-8.53E-04,0.078126132,109.2307707,0.264372365
-2.62E-05,0.0781248,0.0781248,0.0781248,-8.91E-04,0.0781248,-8.52E-04,0.0781248,109.3876115,-0.265752331
-2.38E-05,0.078125377,0.078125377,0.078125377,-8.97E-04,0.078125377,-8.54E-04,0.078125377,109.2498529,0.265060917
-2.92E-05,0.078124669,0.078124669,0.078124669,-8.87E-04,0.078124669,-8.57E-04,0.078124669,109.3844211,-0.266015545
