0.00123214,0.078123263,0.078123263,0.078123263,-0.000187289,0.078123263,-0.000272458,0.078123263,121.3948813,-0.295150298
0.001234477,0.078124185,0.078124185,0.078124185,-0.000182707,0.078124185,-0.00026715,0.078124185,121.2026153,0.294841307
0.001231497,0.078122769,0.078122769,0.078122769,-0.000187363,0.078122769,-0.000276202,0.078122769,121.3948813,-0.295731085
0.001232382,0.078125927,0.078125927,0.078125927,-0.00017778,0.078125927,-0.000274992,0.078125927,121.2064678,0.294814127
0.001228806,0.078124194,0.078124194,0.078124194,-0.000181627,0.078124194,-0.000272878,0.078124194,121.3928045,-0.295868891
0.001231656,0.078122518,0.078122518,0.078122518,-0.000175014,0.078122518,-0.000275001,0.078122518,121.2079727,0.295169848
0.001230287,0.078126309,0.078126309,0.078126309,-0.000180015,0.078126309,-0.000274684,0.078126309,121.3951823,-0.296121615
0.001233518,0.078126523,0.078126523,0.078126523,-0.0001729,0.078126523,-0.00027474,0.078126523,121.1983715,0.294938582
0.001233136,0.078125256,0.078125256,0.078125256,-0.000182632,0.078125256,-0.000274098,0.078125256,121.3948813,-0.295636672
0.001232447,0.078123403,0.078123403,0.078123403,-0.000181729,0.078123403,-0.000278903,0.078123403,121.2037891,0.294974345
0.001233509,0.078123505,0.078123505,0.078123505,-0.00018687,0.078123505,-0.000277292,0.078123505,121.3907278,-0.295601386
0.001237281,0.078126774,0.078126774,0.078126774,-0.000181366,0.078126774,-0.000273399,0.078126774,121.2035182,0.295460242
0.001230473,0.078119705,0.078119705,0.078119705,-0.000197291,0.078119705,-0.000275457,0.078119705,121.3937075,-0.295811194
0.001231888,0.07812534,0.07812534,0.07812534,-0.000175945,0.07812534,-0.000279127,0.07812534,121.2011405,0.295255202
0.001230715,0.078124027,0.078124027,0.078124027,-0.000186712,0.078124027,-0.000272198,0.078124027,121.4037301,-0.295958537
0.001226552,0.078124548,0.078124548,0.078124548,-0.000180695,0.078124548,-0.000271844,0.078124548,121.2040901,0.29488756
0.001234086,0.078124856,0.078124856,0.078124856,-0.000185138,0.078124856,-0.000270847,0.078124856,121.4004494,-0.29615404
0.001236787,0.078128395,0.078128395,0.078128395,-0.000171168,0.078128395,-0.000270912,0.078128395,121.2070698,0.295671957
0.001234617,0.078123021,0.078123021,0.078123021,-0.000186814,0.078123021,-0.000275066,0.078123021,121.3939784,-0.296374815
0.001235968,0.078125563,0.078125563,0.078125563,-0.000174306,0.078125563,-0.000273036,0.078125563,121.2067688,0.295570391
0.001233146,0.078124548,0.078124548,0.078124548,-0.000183163,0.078124548,-0.000275439,0.078124548,121.3934065,-0.296491164
0.001231171,0.078125088,0.078125088,0.078125088,-0.000179643,0.078125088,-0.000274135,0.078125088,121.2088456,0.295717734
0.001235334,0.078123831,0.078123831,0.078123831,-0.00018796,0.078123831,-0.000275141,0.078123831,121.3971989,-0.296432513
0.001232997,0.078126327,0.078126327,0.078126327,-0.000181319,0.078126327,-0.000273604,0.078126327,121.2005385,0.296009558
0.001233174,0.078125312,0.078125312,0.078125312,-0.000187354,0.078125312,-0.000273017,0.078125312,121.3959949,-0.296599883
0.001233434,0.078125219,0.078125219,0.078125219,-0.000182046,0.078125219,-0.000275085,0.078125219,121.2032173,0.296094912
0.001235884,0.078126243,0.078126243,0.078126243,-0.000183154,0.078126243,-0.000273827,0.078126243,121.4037301,-0.296268481
0.001236862,0.078124045,0.078124045,0.078124045,-0.000179131,0.078124045,-0.000276202,0.078124045,121.2067688,0.295974272
0.001233276,0.078124688,0.078124688,0.078124688,-0.000186609,0.078124688,-0.000272272,0.078124688,121.3971989,-0.296484965
0.001234617,0.078126551,0.078126551,0.078126551,-0.000178674,0.078126551,-0.000270605,0.078126551,121.2076718,0.296024817
0.001236051,0.078125303,0.078125303,0.078125303,-0.000183396,0.078125303,-0.000272868,0.078125303,121.3995465,-0.297008532
0.001234338,0.078124558,0.078124558,0.078124558,-0.00017846,0.078124558,-0.000275429,0.078124558,121.205896,0.296008128
0.001229812,0.07812452,0.07812452,0.07812452,-0.000178218,0.07812452,-0.000274442,0.07812452,121.3989746,-0.296832579
0.001229113,0.078121708,0.078121708,0.078121708,-0.000178991,0.078121708,-0.000276566,0.078121708,121.2182964,0.296009081
0.001235791,0.078126029,0.078126029,0.078126029,-0.000180909,0.078126029,-0.000275085,0.078126029,121.4050544,-0.296807784
0.001235548,0.078127091,0.078127091,0.078127091,-0.000179103,0.078127091,-0.000273585,0.078127091,121.205294,0.296511191
0.00123498,0.078123952,0.078123952,0.078123952,-0.00018511,0.078123952,-0.00027746,0.078123952,121.3945803,-0.297059554
0.00123078,0.078123068,0.078123068,0.078123068,-0.000182996,0.078123068,-0.000276156,0.078123068,121.2070698,0.296800154
0.001230566,0.078123682,0.078123682,0.078123682,-0.000187447,0.078123682,-0.000277348,0.078123682,121.3962959,-0.297195452
0.001235334,0.078123421,0.078123421,0.078123421,-0.000184169,0.078123421,-0.000275066,0.078123421,121.2076718,0.296686667
0.001233742,0.078123803,0.078123803,0.078123803,-0.000189152,0.078123803,-0.000277841,0.078123803,121.4104721,-0.297498244
0.001228601,0.078125228,0.078125228,0.078125228,-0.000177249,0.078125228,-0.000271909,0.078125228,121.2085446,0.297000426
0.001235046,0.078125657,0.078125657,0.078125657,-0.00018457,0.078125657,-0.00027122,0.078125657,121.3927143,-0.297489661
0.0012358,0.078126998,0.078126998,0.078126998,-0.000174809,0.078126998,-0.000275439,0.078126998,121.2082436,0.296867388
0.001232326,0.078123533,0.078123533,0.078123533,-0.000183191,0.078123533,-0.00027474,0.078123533,121.4009009,-0.297587412
0.00123756,0.078127268,0.078127268,0.078127268,-0.000173235,0.078127268,-0.000275439,0.078127268,121.2067688,0.296914118
0.001234235,0.078123729,0.078123729,0.078123729,-0.000181505,0.078123729,-0.000273734,0.078123729,121.399998,-0.297187823
0.00123038,0.078124278,0.078124278,0.078124278,-0.000174372,0.078124278,-0.000273781,0.078124278,121.205896,0.296671408
0.001230799,0.078123114,0.078123114,0.078123114,-0.000184448,0.078123114,-0.000277162,0.078123114,121.3976202,-0.297258872
0.001233025,0.078125061,0.078125061,0.078125061,-0.00018023,0.078125061,-0.000274237,0.078125061,121.205294,0.296428698
0.001233099,0.078124949,0.078124949,0.078124949,-0.000182679,0.078124949,-0.000273567,0.078124949,121.4053554,-0.29705717
0.001235819,0.078127091,0.078127091,0.078127091,-0.000181142,0.078127091,-0.00026945,0.078127091,121.2014114,0.296971339
0.001233015,0.078122509,0.078122509,0.078122509,-0.000190446,0.078122509,-0.00027705,0.078122509,121.3991251,-0.297331351
0.001234245,0.078126709,0.078126709,0.078126709,-0.000178711,0.078126709,-0.000271676,0.078126709,121.2079727,0.296922701
0.001234757,0.078124949,0.078124949,0.078124949,-0.000184765,0.078124949,-0.000270084,0.078124949,121.4053554,-0.297311801
0.001231413,0.078122369,0.078122369,0.078122369,-0.000183731,0.078122369,-0.000274396,0.078122369,121.2064678,0.296669978
0.001235316,0.078126402,0.078126402,0.078126402,-0.000179121,0.078126402,-0.000271713,0.078126402,121.3991251,-0.297287959
0.001232168,0.078123319,0.078123319,0.078123319,-0.000176951,0.078123319,-0.000278419,0.078123319,121.204993,0.296541709
0.00123567,0.078125442,0.078125442,0.078125442,-0.000180602,0.078125442,-0.000270177,0.078125442,121.3964464,-0.297790068
0.001232894,0.078121503,0.078121503,0.078121503,-0.000181738,0.078121503,-0.000278587,0.078121503,121.2094475,0.297174948
0.00123594,0.078125992,0.078125992,0.078125992,-0.000181813,0.078125992,-0.000269497,0.078125992,121.399998,-0.297656077
0.00123214,0.078126588,0.078126588,0.078126588,-0.000175135,0.078126588,-0.000276398,0.078126588,121.2094475,0.297371882
0.001236806,0.07812764,0.07812764,0.07812764,-0.000182707,0.07812764,-0.000273958,0.07812764,121.4017738,-0.297644156
0.001235046,0.078125051,0.078125051,0.078125051,-0.000180518,0.078125051,-0.000278689,0.078125051,121.205896,0.297341364
0.001231404,0.078123505,0.078123505,0.078123505,-0.000187112,0.078123505,-0.000275094,0.078123505,121.3985232,-0.2978697
0.001232913,0.078123282,0.078123282,0.078123282,-0.000182092,0.078123282,-0.000275085,0.078123282,121.214203,0.29747917
0.001232205,0.078125312,0.078125312,0.078125312,-0.000186488,0.078125312,-0.00027244,0.078125312,121.400299,-0.297349471
0.001235381,0.078122164,0.078122164,0.078122164,-0.000181943,0.078122164,-0.000275644,0.078122164,121.2111631,0.297015208
0.001235697,0.078127082,0.078127082,0.078127082,-0.000184476,0.078127082,-0.000266973,0.078127082,121.4015029,-0.297073859
0.001230585,0.078123421,0.078123421,0.078123421,-0.000178479,0.078123421,-0.000276826,0.078123421,121.2103505,0.296707171
0.001237085,0.078123896,0.078123896,0.078123896,-0.000183266,0.078123896,-0.000270866,0.078123896,121.4012019,-0.297340888
0.001236973,0.078125815,0.078125815,0.078125815,-0.000173468,0.078125815,-0.000274023,0.078125815,121.2097485,0.296789664
0.001231078,0.07812453,0.07812453,0.07812453,-0.000180118,0.07812453,-0.000276808,0.07812453,121.3985232,-0.297491091
0.001232345,0.078125061,0.078125061,0.078125061,-0.000177678,0.078125061,-0.000273651,0.078125061,121.2061669,0.296907443
0.001229812,0.07812208,0.07812208,0.07812208,-0.000183787,0.07812208,-0.000274684,0.07812208,121.4038806,-0.297194975
0.001230827,0.078123906,0.078123906,0.078123906,-0.000179634,0.078123906,-0.000278754,0.078123906,121.2046921,0.296922225
0.001234496,0.078124204,0.078124204,0.078124204,-0.000184588,0.078124204,-0.00027664,0.078124204,121.4048437,-0.296944636
0.001233546,0.078122807,0.078122807,0.078122807,-0.000179783,0.078122807,-0.000278344,0.078122807,121.2085446,0.296687144
0.001237635,0.078126374,0.078126374,0.078126374,-0.000184523,0.078126374,-0.000273157,0.078126374,121.4048437,-0.297577876
0.001232699,0.078122062,0.078122062,0.078122062,-0.000185641,0.078122062,-0.000276761,0.078122062,121.2136011,0.296991843
0.00123525,0.078126113,0.078126113,0.078126113,-0.000185231,0.078126113,-0.000271667,0.078126113,121.400299,-0.297122019
0.001234086,0.078124837,0.078124837,0.078124837,-0.000177836,0.078124837,-0.000276007,0.078124837,121.214805,0.296682852
0.001235474,0.078125386,0.078125386,0.078125386,-0.000185436,0.078125386,-0.000272123,0.078125386,121.3970484,-0.297181624
0.001235362,0.078124977,0.078124977,0.078124977,-0.000178237,0.078124977,-0.000273911,0.078124977,121.2129991,0.296451109
0.00123038,0.078124548,0.078124548,0.078124548,-0.00018456,0.078124548,-0.000277814,0.078124548,121.4015029,-0.297136324
0.001237467,0.078128125,0.078128125,0.078128125,-0.000176309,0.078128125,-0.000270279,0.078128125,121.2032173,0.296395796
0.001234114,0.078124474,0.078124474,0.078124474,-0.000181226,0.078124474,-0.000270559,0.078124474,121.4026767,-0.296936053
0.001234273,0.078125079,0.078125079,0.078125079,-0.000176458,0.078125079,-0.000274219,0.078125079,121.2106214,0.295459765
0.001236154,0.078126886,0.078126886,0.078126886,-0.000180509,0.078126886,-0.000271555,0.078126886,121.402767,-0.29632141
0.001231143,0.078126951,0.078126951,0.078126951,-0.000177939,0.078126951,-0.00027434,0.078126951,121.2129389,0.295744437
0.001236424,0.078125964,0.078125964,0.078125964,-0.000183657,0.078125964,-0.000272542,0.078125964,121.3994863,-0.296343821
0.001231991,0.078122956,0.078122956,0.078122956,-0.000181412,0.078122956,-0.000280095,0.078122956,121.2097485,0.295356768
0.001239088,0.078127491,0.078127491,0.078127491,-0.000181813,0.078127491,-0.000274666,0.078127491,121.401864,-0.295934218
0.001230836,0.078124744,0.078124744,0.078124744,-0.000181654,0.078124744,-0.000270298,0.078124744,121.2076718,0.295560854
0.001233062,0.078122509,0.078122509,0.078122509,-0.000188332,0.078122509,-0.000277441,0.078122509,121.400299,-0.295919436
0.00123675,0.078126551,0.078126551,0.078126551,-0.000180947,0.078126551,-0.000269879,0.078126551,121.2094475,0.295251864
0.001234515,0.078126709,0.078126709,0.078126709,-0.000180742,0.078126709,-0.000267113,0.078126709,121.4003892,-0.295792597
0.001235502,0.078127137,0.078127137,0.078127137,-0.000175433,0.078127137,-0.00027338,0.078127137,121.2150157,0.294940012
0.001234394,0.078124828,0.078124828,0.078124828,-0.000179894,0.078124828,-0.000270177,0.078124828,121.4036398,-0.295198935
0.001235129,0.078126476,0.078126476,0.078126476,-0.000173813,0.078126476,-0.000276575,0.078126476,121.2124272,0.294603365
0.001236433,0.078125815,0.078125815,0.078125815,-0.000179783,0.078125815,-0.000278745,0.078125815,121.4045428,-0.295439738
0.001228657,0.078122676,0.078122676,0.078122676,-0.000180183,0.078122676,-0.000277888,0.078122676,121.2135409,0.294847029
0.001230566,0.07812209,0.07812209,0.07812209,-0.000180798,0.07812209,-0.000280747,0.07812209,121.402767,-0.295244235
0.001231413,0.078122918,0.078122918,0.078122918,-0.000177706,0.078122918,-0.000274964,0.078122918,121.2135409,0.294674891
0.001234869,0.078126439,0.078126439,0.078126439,-0.000182213,0.078126439,-0.000274982,0.078126439,121.3991251,-0.295081156
0.001233639,0.078123272,0.078123272,0.078123272,-0.000184178,0.078123272,-0.000278875,0.078123272,121.2102602,0.294693964
0.001235381,0.078124148,0.078124148,0.078124148,-0.000185762,0.078124148,-0.000272412,0.078124148,121.3961454,-0.294796961
0.001231367,0.078122825,0.078122825,0.078122825,-0.000181915,0.078122825,-0.000275094,0.078122825,121.2088456,0.29418661
0.00123621,0.078128059,0.078128059,0.078128059,-0.000179792,0.078128059,-0.000270614,0.078128059,121.4045428,-0.294620531
0.001236489,0.078125237,0.078125237,0.078125237,-0.000177128,0.078125237,-0.000274545,0.078125237,121.2138418,0.29357149
0.001230827,0.078125861,0.078125861,0.078125861,-0.000188183,0.078125861,-0.000272477,0.078125861,121.3997873,-0.293902415
0.001235884,0.078127054,0.078127054,0.078127054,-0.000175908,0.078127054,-0.000272021,0.078127054,121.214203,0.293110865
0.001230976,0.078123049,0.078123049,0.078123049,-0.000182316,0.078123049,-0.000273604,0.078123049,121.3991251,-0.293482798
0.001232745,0.078123934,0.078123934,0.078123934,-0.000173571,0.078123934,-0.000279304,0.078123934,121.2132399,0.292580622
0.001236899,0.078124325,0.078124325,0.078124325,-0.000183526,0.078124325,-0.000276249,0.078124325,121.4015631,-0.293449896
0.00123336,0.078124017,0.078124017,0.078124017,-0.000177361,0.078124017,-0.000278736,0.078124017,121.2185672,0.292283552
0.001237383,0.0781267,0.0781267,0.0781267,-0.000180313,0.0781267,-0.000272263,0.0781267,121.4030379,-0.292759913
0.001234766,0.078124437,0.078124437,0.078124437,-0.000180472,0.078124437,-0.00028071,0.078124437,121.2132399,0.292307871
0.001233183,0.078124334,0.078124334,0.078124334,-0.000189058,0.078124334,-0.00027216,0.078124334,121.4012621,-0.292397993
0.001233798,0.078126094,0.078126094,0.078126094,-0.000180081,0.078126094,-0.000276314,0.078126094,121.2141127,0.291627901
0.001239032,0.078126458,0.078126458,0.078126458,-0.00018158,0.078126458,-0.000272142,0.078126458,121.3971086,-0.292371767
0.001235278,0.078125545,0.078125545,0.078125545,-0.000182353,0.078125545,-0.000281185,0.078125545,121.2076718,0.29170944
0.001233295,0.07812452,0.07812452,0.07812452,-0.00018389,0.07812452,-0.000275085,0.07812452,121.4006601,-0.292069929
0.001236452,0.078127827,0.078127827,0.078127827,-0.000172453,0.078127827,-0.000271359,0.078127827,121.2159186,0.29074766
0.001233714,0.078124027,0.078124027,0.078124027,-0.000183405,0.078124027,-0.000270121,0.078124027,121.402767,-0.291359442
0.001234738,0.078127594,0.078127594,0.078127594,-0.000171615,0.078127594,-0.000271443,0.078127594,121.2167915,0.290895956
0.001231683,0.078123729,0.078123729,0.078123729,-0.000181794,0.078123729,-0.000273874,0.078123729,121.4057166,-0.291198748
0.001235977,0.078126672,0.078126672,0.078126672,-0.000174865,0.078126672,-0.000274116,0.078126672,121.2159186,0.290445822
0.001236983,0.078125843,0.078125843,0.078125843,-0.00018253,0.078125843,-0.000280347,0.078125843,121.402767,-0.290570276
0.001233602,0.078126653,0.078126653,0.078126653,-0.000174688,0.078126653,-0.000272952,0.078126653,121.212036,0.289559858
0.001233677,0.078127221,0.078127221,0.078127221,-0.000181571,0.078127221,-0.000270261,0.078127221,121.4039408,-0.28953697
0.001231404,0.078125331,0.078125331,0.078125331,-0.000176951,0.078125331,-0.000273949,0.078125331,121.2233227,0.289017218
0.001235297,0.07812751,0.07812751,0.07812751,-0.000184802,0.07812751,-0.000272971,0.07812751,121.3991853,-0.289022463
0.001232326,0.078125005,0.078125005,0.078125005,-0.000179587,0.078125005,-0.000277059,0.078125005,121.2200721,0.288744944
0.001237495,0.078126439,0.078126439,0.078126439,-0.000185175,0.078126439,-0.000272747,0.078126439,121.4033388,-0.288724917
0.00123471,0.07812493,0.07812493,0.07812493,-0.000179373,0.07812493,-0.00027393,0.07812493,121.2162196,0.2879615
0.001234021,0.078125629,0.078125629,0.078125629,-0.00018334,0.078125629,-0.000273008,0.078125629,121.4060176,-0.288630026
0.001227753,0.078121866,0.078121866,0.078121866,-0.000180816,0.078121866,-0.000280477,0.078121866,121.2141127,0.287285822
0.001232615,0.078122136,0.078122136,0.078122136,-0.000183964,0.078122136,-0.000277692,0.078122136,121.3983125,-0.287671106
0.00123594,0.078127324,0.078127324,0.078127324,-0.000174111,0.078127324,-0.00027447,0.078127324,121.2123369,0.28671314
0.001235027,0.078123412,0.078123412,0.078123412,-0.000182837,0.078123412,-0.00027678,0.078123412,121.4012621,-0.287263887
0.001235632,0.078127286,0.078127286,0.078127286,-0.000172155,0.078127286,-0.000273995,0.078127286,121.2129389,0.286544817
0.001229709,0.078121792,0.078121792,0.078121792,-0.000185156,0.078121792,-0.000276454,0.078121792,121.3994863,-0.286840456
0.001228917,0.078122555,0.078122555,0.078122555,-0.000178302,0.078122555,-0.000278009,0.078122555,121.2179954,0.285989302
0.001233649,0.078126281,0.078126281,0.078126281,-0.000182735,0.078126281,-0.000275606,0.078126281,121.4054156,-0.285941618
0.001235437,0.078125554,0.078125554,0.078125554,-0.000181068,0.078125554,-0.000275709,0.078125554,121.2224499,0.285478609
0.001234012,0.078125061,0.078125061,0.078125061,-0.000184057,0.078125061,-0.000274712,0.078125061,121.401864,-0.285402315
0.001229057,0.078121782,0.078121782,0.078121782,-0.000182167,0.078121782,-0.000279928,0.078121782,121.2135409,0.284812467
0.00123445,0.078124884,0.078124884,0.078124884,-0.000185212,0.078124884,-0.000273529,0.078124884,121.4030379,-0.285085695
0.001227772,0.078125936,0.078125936,0.078125936,-0.000178469,0.078125936,-0.000276566,0.078125936,121.2188682,0.283447283
0.001236918,0.078126057,0.078126057,0.078126057,-0.000180667,0.078126057,-0.000276519,0.078126057,121.3974095,-0.283971327
0.001238473,0.078126877,0.078126877,0.078126877,-0.00017534,0.078126877,-0.000276137,0.078126877,121.2162196,0.282873647
0.001235074,0.078124455,0.078124455,0.078124455,-0.000183294,0.078124455,-0.000273259,0.078124455,121.4060176,-0.28309633
0.001235576,0.078126858,0.078126858,0.078126858,-0.000169612,0.078126858,-0.000274731,0.078126858,121.2182964,0.282395857
0.00123336,0.078124604,0.078124604,0.078124604,-0.000182344,0.078124604,-0.000276556,0.078124604,121.4054156,-0.282811182
0.001235884,0.07812683,0.07812683,0.07812683,-0.000174828,0.07812683,-0.000275923,0.07812683,121.2191692,0.281791227
0.001233183,0.078122518,0.078122518,0.078122518,-0.000185464,0.078122518,-0.000280812,0.078122518,121.402767,-0.281320112
0.001234217,0.078124679,0.078124679,0.078124679,-0.000179447,0.078124679,-0.000272132,0.078124679,121.2251286,0.281075494
0.001236945,0.078127901,0.078127901,0.078127901,-0.000180388,0.078127901,-0.000272449,0.078127901,121.3967474,-0.280980127
0.001231171,0.078122844,0.078122844,0.078122844,-0.000182949,0.078122844,-0.000275727,0.078122844,121.2147147,0.280561464
0.001232298,0.078123449,0.078123449,0.078123449,-0.000185799,0.078123449,-0.000277301,0.078123449,121.3953328,-0.280256288
0.001232848,0.078126886,0.078126886,0.078126886,-0.000173813,0.078126886,-0.000272868,0.078126886,121.221246,0.279447572
0.001230063,0.078121559,0.078121559,0.078121559,-0.00018849,0.078121559,-0.000277162,0.078121559,121.3952425,-0.279102342
0.001232289,0.078125135,0.078125135,0.078125135,-0.000180407,0.078125135,-0.00027813,0.078125135,121.2227509,0.278419511
0.001233006,0.078125154,0.078125154,0.078125154,-0.000183461,0.078125154,-0.00027068,0.078125154,121.4039408,-0.279045122
0.001234263,0.078126253,0.078126253,0.078126253,-0.000174493,0.078126253,-0.000276947,0.078126253,121.2266034,0.278211133
0.001232931,0.078123403,0.078123403,0.078123403,-0.000180006,0.078123403,-0.000276901,0.078123403,121.3955435,-0.278498666
0.001237756,0.078128823,0.078128823,0.078128823,-0.000172099,0.078128823,-0.000273073,0.078128823,121.2182964,0.277247922
0.001233285,0.078124092,0.078124092,0.078124092,-0.000184029,0.078124092,-0.000272682,0.078124092,121.3949415,-0.277390973
0.001230827,0.078123393,0.078123393,0.078123393,-0.000178041,0.078123393,-0.000275262,0.078123393,121.2206741,0.276545064
0.001231767,0.078124884,0.078124884,0.078124884,-0.000181189,0.078124884,-0.000275681,0.078124884,121.3964464,-0.276277559
0.001236443,0.078127249,0.078127249,0.078127249,-0.000177957,0.078127249,-0.000275001,0.078127249,121.2176944,0.275732057
0.001232075,0.078125228,0.078125228,0.078125228,-0.000182623,0.078125228,-0.000274545,0.078125228,121.399697,-0.275731103
0.001236545,0.078125116,0.078125116,0.078125116,-0.000182018,0.078125116,-0.000273893,0.078125116,121.2170924,0.274703996
0.001236759,0.078123608,0.078123608,0.078123608,-0.000184653,0.078123608,-0.000276007,0.078123608,121.3970484,-0.274861352
0.00122969,0.078122574,0.078122574,0.078122574,-0.000179047,0.078122574,-0.000279695,0.078122574,121.2269044,0.274041192
0.001233984,0.07812304,0.07812304,0.07812304,-0.000184216,0.07812304,-0.000274135,0.07812304,121.3958444,-0.274002092
0.001230296,0.078121969,0.078121969,0.078121969,-0.000181636,0.078121969,-0.00028016,0.078121969,121.221246,0.273119466
0.001232745,0.078126718,0.078126718,0.078126718,-0.000175266,0.078126718,-0.000275485,0.078126718,121.3931657,-0.273493783
0.001232019,0.078125591,0.078125591,0.078125591,-0.000176281,0.078125591,-0.000275252,0.078125591,121.2277772,0.272101895
0.001230445,0.078123161,0.078123161,0.078123161,-0.000181058,0.078123161,-0.000275066,0.078123161,121.4033388,-0.272166745
0.001226449,0.07812493,0.07812493,0.07812493,-0.000174334,0.07812493,-0.000277078,0.07812493,121.2179954,0.271039979
0.001231181,0.078122369,0.078122369,0.078122369,-0.000179671,0.078122369,-0.000276715,0.078122369,121.3952425,-0.271281735
0.001237774,0.078127771,0.078127771,0.078127771,-0.000171708,0.078127771,-0.000277329,0.078127771,121.2253995,0.270556943
0.001232149,0.0781229,0.0781229,0.0781229,-0.000186935,0.0781229,-0.000277907,0.0781229,121.3982222,-0.270207898
0.001228731,0.078123319,0.078123319,0.078123319,-0.000183145,0.078123319,-0.000280105,0.078123319,121.2286802,0.269515054
0.001236824,0.078126653,0.078126653,0.078126653,-0.000183713,0.078126653,-0.000275997,0.078126653,121.3934065,-0.269473092
0.001226002,0.078124716,0.078124716,0.078124716,-0.000181105,0.078124716,-0.000275532,0.078124716,121.2224499,0.268364922
0.001231441,0.078124288,0.078124288,0.078124288,-0.000183238,0.078124288,-0.0002803,0.078124288,121.3875374,-0.268560426
0.001234673,0.078126113,0.078126113,0.078126113,-0.000178702,0.078126113,-0.000277869,0.078126113,121.2206741,0.267663018
0.001237439,0.078126085,0.078126085,0.078126085,-0.000183508,0.078126085,-0.00027624,0.078126085,121.3895239,-0.267290608
0.001233341,0.078123841,0.078123841,0.078123841,-0.000179233,0.078123841,-0.000275299,0.078123841,121.2307569,0.266815201
0.001235046,0.078125861,0.078125861,0.078125861,-0.000180183,0.078125861,-0.000275569,0.078125861,121.3991251,-0.266873852
0.001234533,0.078126225,0.078126225,0.078126225,-0.000171689,0.078126225,-0.000277162,0.078126225,121.2269044,0.265798108
0.001235455,0.078124446,0.078124446,0.078124446,-0.000180993,0.078124446,-0.000276892,0.078124446,121.3964464,-0.266033188
0.001232671,0.078124744,0.078124744,0.078124744,-0.000173692,0.078124744,-0.000284137,0.078124744,121.2277772,0.265168683
0.001232624,0.078124371,0.078124371,0.078124371,-0.000185268,0.078124371,-0.000279369,0.078124371,121.3916909,-0.264373795
0.00123038,0.078123217,0.078123217,0.078123217,-0.000176476,0.078123217,-0.000277339,0.078123217,121.2304559,0.264247433
0.00123092,0.078123924,0.078123924,0.078123924,-0.000181953,0.078123924,-0.000277394,0.078123924,121.3922026,-0.264147774
0.001230324,0.078122453,0.078122453,0.078122453,-0.00017833,0.078122453,-0.0002799,0.078122453,121.2266034,0.263253705
0.001234412,0.078124185,0.078124185,0.078124185,-0.000189943,0.078124185,-0.000276584,0.078124185,121.3916006,-0.263085381
0.001238436,0.078126616,0.078126616,0.078126616,-0.000179205,0.078126616,-0.000280552,0.078126616,121.2239247,0.262409226
0.001234664,0.078124073,0.078124073,0.078124073,-0.000186944,0.078124073,-0.000271657,0.078124073,121.3934065,-0.261988179
0.00123553,0.078127109,0.078127109,0.078127109,-0.000178451,0.078127109,-0.00027529,0.078127109,121.2352114,0.261302964
0.001234235,0.078124632,0.078124632,0.078124632,-0.000183638,0.078124632,-0.000278372,0.078124632,121.3948813,-0.261329666
0.001230519,0.078123393,0.078123393,0.078123393,-0.000176923,0.078123393,-0.000277692,0.078123393,121.2260014,0.260577694
0.001232801,0.078125051,0.078125051,0.078125051,-0.00017981,0.078125051,-0.000278363,0.078125051,121.3951823,-0.260252491
0.001229988,0.078122555,0.078122555,0.078122555,-0.000174874,0.078122555,-0.00027949,0.078122555,121.230155,0.259663597
0.001235036,0.078125219,0.078125219,0.078125219,-0.000179494,0.078125219,-0.000277031,0.078125219,121.3919919,-0.25921394
0.001230687,0.078122714,0.078122714,0.078122714,-0.00017562,0.078122714,-0.000280757,0.078122714,121.2230217,0.258927838
0.001235064,0.078126374,0.078126374,0.078126374,-0.000176206,0.078126374,-0.000273399,0.078126374,121.3972591,-0.258747593
0.001228927,0.078122853,0.078122853,0.078122853,-0.000177464,0.078122853,-0.00027894,0.078122853,121.2355124,0.257673756
0.001237504,0.078126001,0.078126001,0.078126001,-0.000180742,0.078126001,-0.000272868,0.078126001,121.3931055,-0.257474438
0.001233341,0.078125377,0.078125377,0.078125377,-0.000183852,0.078125377,-0.000275671,0.078125377,121.2253995,0.256788269
0.00123403,0.078125973,0.078125973,0.078125973,-0.000182288,0.078125973,-0.000275699,0.078125973,121.3925939,-0.256848351
0.00122943,0.078125657,0.078125657,0.078125657,-0.000177799,0.078125657,-0.000274982,0.078125657,121.2269044,0.256126419
0.001233127,0.078123217,0.078123217,0.078123217,-0.00018701,0.078123217,-0.000278214,0.078123217,121.3948813,-0.256134525
0.001233043,0.078126318,0.078126318,0.078126318,-0.000177044,0.078126318,-0.000274256,0.078126318,121.2387931,0.254910961
0.001234729,0.078126048,0.078126048,0.078126048,-0.000182781,0.078126048,-0.000273418,0.078126048,121.3969581,-0.254805103
0.001232755,0.078125349,0.078125349,0.078125349,-0.000177966,0.078125349,-0.000280021,0.078125349,121.2349104,0.254164234
0.001232568,0.07812574,0.07812574,0.07812574,-0.000177892,0.07812574,-0.000273818,0.07812574,121.3849189,-0.254060284
0.001235455,0.078127463,0.078127463,0.078127463,-0.000175452,0.078127463,-0.000270773,0.078127463,121.239064,0.253470436
0.001233975,0.078123068,0.078123068,0.078123068,-0.000184728,0.078123068,-0.000282927,0.078123068,121.388651,-0.253298775
0.001234468,0.078125852,0.078125852,0.078125852,-0.000179885,0.078125852,-0.00028071,0.078125852,121.2289811,0.252276912
0.001233239,0.078125563,0.078125563,0.078125563,-0.000183536,0.078125563,-0.00027094,0.078125563,121.3948813,-0.252432838
0.001233304,0.078124595,0.078124595,0.078124595,-0.000178115,0.078124595,-0.000275904,0.078124595,121.2310579,0.251444355
0.001232997,0.078124902,0.078124902,0.078124902,-0.000182586,0.078124902,-0.000277897,0.078124902,121.3919016,-0.251688495
0.001234822,0.078125871,0.078125871,0.078125871,-0.00017928,0.078125871,-0.000274647,0.078125871,121.2304559,0.250688568
0.001234477,0.078126616,0.078126616,0.078126616,-0.000181403,0.078126616,-0.00027352,0.078126616,121.3922026,-0.25078918
0.001232456,0.078122816,0.078122816,0.078122816,-0.000184001,0.078122816,-0.000277106,0.078122816,121.2328337,0.249993816
0.001236061,0.078123189,0.078123189,0.078123189,-0.000187345,0.078123189,-0.000277068,0.078123189,121.3922026,-0.249543205
0.001233602,0.078124939,0.078124939,0.078124939,-0.000177547,0.078124939,-0.000277748,0.078124939,121.2361144,0.249150768
0.001232373,0.07812181,0.07812181,0.07812181,-0.000185929,0.07812181,-0.00027989,0.07812181,121.3913297,-0.249108806
0.001237039,0.07812574,0.07812574,0.07812574,-0.000174642,0.07812574,-0.000277273,0.07812574,121.2346095,0.248415962
0.00123227,0.078122313,0.078122313,0.078122313,-0.000181766,0.078122313,-0.000280933,0.078122313,121.3939784,-0.248220459
0.001234226,0.078124939,0.078124939,0.078124939,-0.000172136,0.078124939,-0.00027908,0.078124939,121.2340376,0.247660175
0.001234124,0.078127678,0.078127678,0.078127678,-0.000179997,0.078127678,-0.000277516,0.078127678,121.3948813,-0.247380271
0.001230361,0.078119994,0.078119994,0.078119994,-0.000183228,0.078119994,-0.000283858,0.078119994,121.2369872,0.246806636
0.001236983,0.078125051,0.078125051,0.078125051,-0.000183545,0.078125051,-0.000279052,0.078125051,121.3888015,-0.246574893
0.001237607,0.078123487,0.078123487,0.078123487,-0.000179512,0.078123487,-0.000280561,0.078123487,121.2343386,0.245767608
0.001232606,0.07812358,0.07812358,0.07812358,-0.000186702,0.07812358,-0.000276258,0.07812358,121.3934065,-0.245879665
0.001243148,0.078128991,0.078128991,0.078128991,-0.000175042,0.078128991,-0.000270717,0.078128991,121.2375892,0.245168701
0.001235586,0.078126532,0.078126532,0.078126532,-0.000185994,0.078126532,-0.000276314,0.078126532,121.3846179,-0.245395675
0.001227968,0.078122723,0.078122723,0.078122723,-0.000178656,0.078122723,-0.000281474,0.078122723,121.2354522,0.244295612
0.001233462,0.078124986,0.078124986,0.078124986,-0.000181776,0.078124986,-0.000278922,0.078124986,121.3872966,-0.244491115
0.001230277,0.078122332,0.078122332,0.078122332,-0.000180714,0.078122332,-0.000278465,0.078122332,121.2399067,0.243850723
0.001234077,0.078125806,0.078125806,0.078125806,-0.000182418,0.078125806,-0.000274396,0.078125806,121.3931055,-0.244190707
0.001231665,0.07812249,0.07812249,0.07812249,-0.000176132,0.07812249,-0.000279304,0.07812249,121.2399669,0.243134513
0.001234757,0.078126392,0.078126392,0.078126392,-0.000179578,0.078126392,-0.000277339,0.078126392,121.3966571,-0.24352552
0.001237998,0.078125731,0.078125731,0.078125731,-0.000174008,0.078125731,-0.000277869,0.078125731,121.239365,0.242182746
0.001238203,0.078125945,0.078125945,0.078125945,-0.000178264,0.078125945,-0.000274368,0.078125945,121.3922026,-0.242596641
0.001235139,0.078124688,0.078124688,0.078124688,-0.000178963,0.078124688,-0.000279937,0.078124688,121.2361144,0.241741672
0.001234897,0.078125517,0.078125517,0.078125517,-0.00018334,0.078125517,-0.000278046,0.078125517,121.3934065,-0.241873756
0.001233509,0.078124856,0.078124856,0.078124856,-0.000179876,0.078124856,-0.000279155,0.078124856,121.2422845,0.241314426
0.001237551,0.078126942,0.078126942,0.078126942,-0.0001832,0.078126942,-0.000271341,0.078126942,121.3852199,-0.241121306
0.001235483,0.078125116,0.078125116,0.078125116,-0.000174195,0.078125116,-0.000276649,0.078125116,121.2364153,0.240566745
0.001233788,0.078125228,0.078125228,0.078125228,-0.000183862,0.078125228,-0.000275048,0.078125228,121.3826314,-0.240682139
0.001230426,0.078125377,0.078125377,0.078125377,-0.000179773,0.078125377,-0.000275588,0.078125377,121.2384018,0.239941611
0.001233555,0.078124185,0.078124185,0.078124185,-0.000185007,0.078124185,-0.000276193,0.078124185,121.3846179,-0.24007894
0.001232326,0.078125824,0.078125824,0.078125824,-0.000176877,0.078125824,-0.000275318,0.078125824,121.2408699,0.239490046
0.001236061,0.078126942,0.078126942,0.078126942,-0.00017805,0.078126942,-0.000273492,0.078126942,121.3869956,-0.239412322
0.001232419,0.078122052,0.078122052,0.078122052,-0.000180267,0.078122052,-0.000282265,0.078122052,121.2440602,0.238523497
0.001232317,0.078123645,0.078123645,0.078123645,-0.000183787,0.078123645,-0.000280123,0.078123645,121.3905773,-0.238638415
0.001235232,0.078127361,0.078127361,0.078127361,-0.000176383,0.078127361,-0.000275373,0.078127361,121.2428563,0.238024726
0.001225136,0.078120609,0.078120609,0.078120609,-0.000183051,0.078120609,-0.000279984,0.078120609,121.3942794,-0.238245025
0.001232401,0.078124986,0.078124986,0.078124986,-0.000180081,0.078124986,-0.000281092,0.078124986,121.2431573,0.23787786
0.001237299,0.078128385,0.078128385,0.078128385,-0.000181096,0.078128385,-0.000275048,0.078128385,121.3831431,-0.237557425
0.001234692,0.078125526,0.078125526,0.078125526,-0.000181943,0.078125526,-0.000278726,0.078125526,121.2390038,0.236895099
0.001233341,0.078122714,0.078122714,0.078122714,-0.000187624,0.078122714,-0.000277674,0.078122714,121.377575,-0.237319007
0.001234217,0.078124213,0.078124213,0.078124213,-0.000182288,0.078124213,-0.000277795,0.078124213,121.2425553,0.236394896
0.00123811,0.078127175,0.078127175,0.078127175,-0.000182958,0.078127175,-0.000272859,0.078127175,121.3855208,-0.236681475
0.001232429,0.07812358,0.07812358,0.07812358,-0.000178497,0.07812358,-0.000278847,0.07812358,121.2358134,0.23571588
0.001232689,0.078124483,0.078124483,0.078124483,-0.000182195,0.078124483,-0.000277981,0.078124483,121.3849189,-0.236028685
0.001233202,0.07812452,0.07812452,0.07812452,-0.00017833,0.07812452,-0.000282694,0.07812452,121.2390038,0.23534204
0.001232261,0.078122471,0.078122471,0.078122471,-0.000183173,0.078122471,-0.000281166,0.078122471,121.384347,-0.235324874
0.001234096,0.078125806,0.078125806,0.078125806,-0.000176104,0.078125806,-0.000277804,0.078125806,121.2446321,0.235013976
0.001235902,0.078125647,0.078125647,0.078125647,-0.000182316,0.078125647,-0.000273911,0.078125647,121.3905773,-0.23504497
0.001235008,0.07812412,0.07812412,0.07812412,-0.000174185,0.07812412,-0.000282116,0.07812412,121.2416825,0.234651103
0.001231507,0.078123859,0.078123859,0.078123859,-0.00018375,0.078123859,-0.000274293,0.078123859,121.3855208,-0.234217658
0.001233183,0.078122322,0.078122322,0.078122322,-0.000183657,0.078122322,-0.000278885,0.078122322,121.2377999,0.234154715
0.001238491,0.078127529,0.078127529,0.078127529,-0.000184225,0.078127529,-0.00027691,0.078127529,121.3831431,-0.234189047
0.001228489,0.078123831,0.078123831,0.078123831,-0.000179186,0.078123831,-0.00027745,0.078123831,121.2449331,0.23357965
0.001232112,0.078124679,0.078124679,0.078124679,-0.000184281,0.078124679,-0.000279164,0.078124679,121.3891025,-0.23342134
0.001229318,0.078123235,0.078123235,0.078123235,-0.000179699,0.078123235,-0.00028057,0.078123235,121.2396057,0.232830061
0.001235269,0.078126495,0.078126495,0.078126495,-0.000181207,0.078126495,-0.000275215,0.078126495,121.3811566,-0.232830538
0.001235707,0.078125368,0.078125368,0.078125368,-0.000178581,0.078125368,-0.000275001,0.078125368,121.2449331,0.232412352
0.001233378,0.078124092,0.078124092,0.078124092,-0.000182567,0.078124092,-0.000280105,0.078124092,121.3950318,-0.232520117
0.001230091,0.078122881,0.078122881,0.078122881,-0.00017819,0.078122881,-0.000281446,0.078122881,121.2407796,0.231985106
0.001230985,0.078123431,0.078123431,0.078123431,-0.000181859,0.078123431,-0.000275681,0.078123431,121.3891025,-0.232112898
0.001235232,0.078123915,0.078123915,0.078123915,-0.000178218,0.078123915,-0.000282917,0.078123915,121.2443612,0.231690897
0.001237439,0.078124567,0.078124567,0.078124567,-0.000180686,0.078124567,-0.000280691,0.078124567,121.3869956,-0.231797232
0.001229085,0.078122881,0.078122881,0.078122881,-0.000179959,0.078122881,-0.000286596,0.078122881,121.245836,0.231513991
0.001232438,0.078122928,0.078122928,0.078122928,-0.000184653,0.078122928,-0.000281781,0.078122928,121.3838052,-0.231061472
0.001232233,0.078126178,0.078126178,0.078126178,-0.000176178,0.078126178,-0.000277637,0.078126178,121.246739,0.230733885
0.0012362,0.0781252,0.0781252,0.0781252,-0.000184607,0.0781252,-0.00027583,0.0781252,121.3817285,-0.230661883
0.001234356,0.078126607,0.078126607,0.078126607,-0.000175089,0.078126607,-0.000280114,0.078126607,121.246438,0.230212225
0.001232736,0.078121354,0.078121354,0.078121354,-0.000187298,0.078121354,-0.000280244,0.078121354,121.3787789,-0.230402483
0.001234897,0.078124017,0.078124017,0.078124017,-0.000179186,0.078124017,-0.000281362,0.078124017,121.2413815,0.230225577
0.001233686,0.078121568,0.078121568,0.078121568,-0.000187047,0.078121568,-0.000278726,0.078121568,121.3832334,-0.230129256
0.001232643,0.078125638,0.078125638,0.078125638,-0.000178162,0.078125638,-0.000275271,0.078125638,121.245836,0.2296281
0.001233565,0.07812548,0.07812548,0.07812548,-0.00017981,0.07812548,-0.000275318,0.07812548,121.3923531,-0.229632868
0.001228545,0.078124781,0.078124781,0.078124781,-0.000177035,0.078124781,-0.000279304,0.078124781,121.2437593,0.229334368
0.001236452,0.078125135,0.078125135,0.078125135,-0.000180909,0.078125135,-0.000276538,0.078125135,121.3820295,-0.229455008
0.001234487,0.078125405,0.078125405,0.078125405,-0.000175349,0.078125405,-0.000277786,0.078125405,121.245535,0.229070677
0.001232065,0.078122648,0.078122648,0.078122648,-0.000184188,0.078122648,-0.000280533,0.078122648,121.3881996,-0.229114546
0.001235567,0.078124111,0.078124111,0.078124111,-0.000178311,0.078124111,-0.000278959,0.078124111,121.2428563,0.228849901
0.001234012,0.07812344,0.07812344,0.07812344,-0.000184271,0.07812344,-0.000280105,0.07812344,121.3796517,-0.228818907
0.001232317,0.078122881,0.078122881,0.078122881,-0.00018022,0.078122881,-0.000283066,0.078122881,121.2434583,0.228536143
0.001234254,0.07812263,0.07812263,0.07812263,-0.000189273,0.07812263,-0.000275802,0.07812263,121.3873869,-0.228502764
0.001231236,0.078125284,0.078125284,0.078125284,-0.000180667,0.078125284,-0.000278652,0.078125284,121.2452341,0.228192343
0.001230287,0.078123999,0.078123999,0.078123999,-0.000185417,0.078123999,-0.000273548,0.078123999,121.3826314,-0.228044523
0.00123281,0.078123785,0.078123785,0.078123785,-0.000181142,0.078123785,-0.000279276,0.078123785,121.2449331,0.227638735
0.001237737,0.078127966,0.078127966,0.078127966,-0.0001771,0.078127966,-0.000274023,0.078127966,121.379742,-0.227956309
0.001235679,0.07812737,0.07812737,0.07812737,-0.000174604,0.07812737,-0.000275094,0.07812737,121.2437593,0.227242006
0.001231739,0.07812574,0.07812574,0.07812574,-0.000181384,0.07812574,-0.000277106,0.07812574,121.3824207,-0.227642073
0.001236759,0.078127799,0.078127799,0.078127799,-0.000172798,0.078127799,-0.000275802,0.078127799,121.259049,0.226947798
0.00122969,0.078121112,0.078121112,0.078121112,-0.000181096,0.078121112,-0.000281949,0.078121112,121.3847082,-0.227126135
0.00123132,0.078122574,0.078122574,0.078122574,-0.000179186,0.078122574,-0.00028233,0.078122574,121.2498391,0.22687818
0.001234133,0.078126262,0.078126262,0.078126262,-0.000182753,0.078126262,-0.000273325,0.078126262,121.3859723,-0.226968302
0.001236703,0.078125619,0.078125619,0.078125619,-0.000177249,0.078125619,-0.000282619,0.078125619,121.246739,0.22657968
0.00123254,0.078124083,0.078124083,0.078124083,-0.000185696,0.078124083,-0.000278661,0.078124083,121.3788391,-0.226830019
0.001232522,0.07812764,0.07812764,0.07812764,-0.000177054,0.07812764,-0.000275821,0.07812764,121.2471603,0.226077093
0.001236266,0.078125638,0.078125638,0.078125638,-0.000182716,0.078125638,-0.000274973,0.078125638,121.3899753,-0.226181997
0.001233462,0.078123179,0.078123179,0.078123179,-0.000181058,0.078123179,-0.000281278,0.078123179,121.2474613,0.225886835
0.001233788,0.078126979,0.078126979,0.078126979,-0.0001809,0.078126979,-0.000278056,0.078126979,121.3824207,-0.225984587
0.001231395,0.078123552,0.078123552,0.078123552,-0.000179457,0.078123552,-0.000278493,0.078123552,121.2471603,0.225433363
0.001235847,0.078126262,0.078126262,0.078126262,-0.000182167,0.078126262,-0.000272766,0.078126262,121.3856713,-0.225764288
0.00123539,0.078126001,0.078126001,0.078126001,-0.000174195,0.078126001,-0.000279024,0.078126001,121.2447826,0.225107683
0.001234803,0.078124735,0.078124735,0.078124735,-0.000181375,0.078124735,-0.000279611,0.078124735,121.3824207,-0.225198759
0.00123567,0.078126988,0.078126988,0.078126988,-0.000175033,0.078126988,-0.000273883,0.078126988,121.2483643,0.225061907
0.00123064,0.078123505,0.078123505,0.078123505,-0.00018226,0.078123505,-0.000279378,0.078123505,121.3880491,-0.224971785
0.001238156,0.07812805,0.07812805,0.07812805,-0.000174744,0.07812805,-0.000274871,0.07812805,121.2431573,0.224882139
0.001232429,0.078124288,0.078124288,0.078124288,-0.000181701,0.078124288,-0.000279546,0.078124288,121.391089,-0.224902643
0.001235418,0.078128004,0.078128004,0.078128004,-0.000170739,0.078128004,-0.000274992,0.078128004,121.2474613,0.224526419
0.001237691,0.07812453,0.07812453,0.07812453,-0.000184327,0.07812453,-0.000280226,0.07812453,121.3824207,-0.224682344
0.001232987,0.078123272,0.078123272,0.078123272,-0.000182446,0.078123272,-0.000280254,0.078123272,121.2462875,0.224170698
0.001237625,0.078124222,0.078124222,0.078124222,-0.000183452,0.078124222,-0.000278242,0.078124222,121.379742,-0.224387182
0.001233285,0.078126262,0.078126262,0.078126262,-0.000180444,0.078126262,-0.00027895,0.078126262,121.2480633,0.224001898
0.001229448,0.07812398,0.07812398,0.07812398,-0.000183331,0.07812398,-0.00027677,0.07812398,121.3880491,-0.224193586
0.001230687,0.078122853,0.078122853,0.078122853,-0.000179987,0.078122853,-0.000277925,0.078122853,121.2486652,0.223993792
0.001235539,0.078125647,0.078125647,0.078125647,-0.000177054,0.078125647,-0.000278633,0.078125647,121.3826314,-0.223996653
0.001230147,0.078123561,0.078123561,0.078123561,-0.000178777,0.078123561,-0.000281744,0.078123561,121.2468895,0.223749174
0.00123648,0.078126159,0.078126159,0.078126159,-0.000176914,0.078126159,-0.000277516,0.078126159,121.3809158,-0.22379352
0.001231833,0.078126653,0.078126653,0.078126653,-0.000170656,0.078126653,-0.000278009,0.078126653,121.2477623,0.223814024
0.00123241,0.078126793,0.078126793,0.078126793,-0.000179708,0.078126793,-0.00027406,0.078126793,121.3911793,-0.223443045
0.001233025,0.078123123,0.078123123,0.078123123,-0.000177193,0.078123123,-0.000281613,0.078123123,121.2480633,0.223577036
0.001241826,0.078128628,0.078128628,0.078128628,-0.000176597,0.078128628,-0.000275383,0.078128628,121.3829926,-0.223124041
0.001235195,0.07812479,0.07812479,0.07812479,-0.000180425,0.07812479,-0.000280989,0.07812479,121.2447826,0.223264708
0.001231907,0.078123617,0.078123617,0.078123617,-0.000189599,0.078123617,-0.000275197,0.078123617,121.3826916,-0.223238481
0.001232326,0.07812466,0.07812466,0.07812466,-0.000179671,0.07812466,-0.000279518,0.07812466,121.2477623,0.222898497
0.00122916,0.078123338,0.078123338,0.078123338,-0.000187177,0.078123338,-0.0002799,0.078123338,121.3859723,-0.223294748
0.001233257,0.078125675,0.078125675,0.078125675,-0.000172677,0.078125675,-0.000276882,0.078125675,121.2439097,0.222661985
0.00123091,0.078123962,0.078123962,0.078123962,-0.000180556,0.078123962,-0.000276808,0.078123962,121.3954833,-0.222867979
0.001228098,0.078125694,0.078125694,0.078125694,-0.000176011,0.078125694,-0.000280486,0.078125694,121.2498391,0.222553743
0.001235027,0.078124036,0.078124036,0.078124036,-0.000178637,0.078124036,-0.000276733,0.078124036,121.376973,-0.22276832
0.001228843,0.078121754,0.078121754,0.078121754,-0.000175331,0.078121754,-0.000283439,0.078121754,121.2486652,0.222320093
0.001235623,0.078123272,0.078123272,0.078123272,-0.000179168,0.078123272,-0.000276519,0.078123272,121.3903365,-0.222502722
0.00123349,0.078122881,0.078122881,0.078122881,-0.000175172,0.078122881,-0.000282051,0.078122881,121.2516148,0.222139372
0.001229979,0.078122378,0.078122378,0.078122378,-0.000185678,0.078122378,-0.000285795,0.078122378,121.3868752,-0.222334875
0.001232214,0.07812601,0.07812601,0.07812601,-0.000175592,0.07812601,-0.000280524,0.07812601,121.2566713,0.22231294
0.001234505,0.078125852,0.078125852,0.078125852,-0.000183526,0.078125852,-0.000279155,0.078125852,121.3859723,-0.222050203
0.001233975,0.078124595,0.078124595,0.078124595,-0.000179335,0.078124595,-0.000276342,0.078124595,121.2477623,0.221903814
0.001235465,0.078126057,0.078126057,0.078126057,-0.000179969,0.078126057,-0.000278614,0.078126057,121.3868752,-0.221920503
0.001232959,0.078125163,0.078125163,0.078125163,-0.000178218,0.078125163,-0.000277339,0.078125163,121.2554975,0.22174169
0.001234049,0.078123328,0.078123328,0.078123328,-0.000183908,0.078123328,-0.000280328,0.078123328,121.3880491,-0.221680178
0.00123308,0.078125219,0.078125219,0.078125219,-0.000175647,0.078125219,-0.00027759,0.078125219,121.2462875,0.221680178
0.001230426,0.078124707,0.078124707,0.078124707,-0.000181738,0.078124707,-0.000277888,0.078124707,121.3809158,-0.22141744
0.001233369,0.078125955,0.078125955,0.078125955,-0.000171624,0.078125955,-0.000277245,0.078125955,121.2563703,0.221553816
0.001236023,0.078125871,0.078125871,0.078125871,-0.00017914,0.078125871,-0.00027433,0.078125871,121.3844072,-0.221495642
0.001233332,0.078124241,0.078124241,0.078124241,-0.000175405,0.078124241,-0.000281427,0.078124241,121.2534207,0.22131492
0.001231395,0.078125312,0.078125312,0.078125312,-0.000181766,0.078125312,-0.000283057,0.078125312,121.3925036,-0.221254362
0.001227651,0.078121466,0.078121466,0.078121466,-0.000177277,0.078121466,-0.000284109,0.078121466,121.2462875,0.221325888
0.001224866,0.07812073,0.07812073,0.07812073,-0.000184756,0.07812073,-0.000282247,0.07812073,121.3844072,-0.221143259
0.001234962,0.078123179,0.078123179,0.078123179,-0.000178376,0.078123179,-0.000284985,0.078123179,121.2525178,0.220999731
0.001231851,0.078122844,0.078122844,0.078122844,-0.000185305,0.078122844,-0.000277506,0.078122844,121.3847684,-0.221111311
0.00123132,0.078123673,0.078123673,0.078123673,-0.000181058,0.078123673,-0.00028328,0.078123673,121.2471603,0.220511926
0.001228666,0.078120246,0.078120246,0.078120246,-0.000189263,0.078120246,-0.000281343,0.078120246,121.3764011,-0.221013082
0.001231004,0.078126662,0.078126662,0.078126662,-0.000181431,0.078126662,-0.000279909,0.078126662,121.2486652,0.220448507
0.001231581,0.078124166,0.078124166,0.078124166,-0.000182511,0.078124166,-0.000279453,0.078124166,121.3817285,-0.221021189
0.001233341,0.078123077,0.078123077,0.078123077,-0.000182912,0.078123077,-0.000280952,0.078123077,121.2525178,0.220153822
0.001235232,0.078125191,0.078125191,0.078125191,-0.000181077,0.078125191,-0.000276165,0.078125191,121.38835,-0.220630659
0.001233453,0.078126942,0.078126942,0.078126942,-0.000173934,0.078126942,-0.000276128,0.078126942,121.2560693,0.22027017
0.001233649,0.07812575,0.07812575,0.07812575,-0.00017575,0.07812575,-0.000278754,0.07812575,121.3880491,-0.220375074
0.001231125,0.078122006,0.078122006,0.078122006,-0.000175582,0.078122006,-0.000281297,0.078122006,121.2537217,0.220240606
0.001232913,0.078125098,0.078125098,0.078125098,-0.000178311,0.078125098,-0.000279704,0.078125098,121.3903365,-0.220180525
0.001232801,0.078122853,0.078122853,0.078122853,-0.000182828,0.078122853,-0.000281725,0.078122853,121.2525178,0.220221056
0.00123214,0.078122583,0.078122583,0.078122583,-0.000187876,0.078122583,-0.000277683,0.078122583,121.3915404,-0.220073236
0.001229718,0.078126551,0.078126551,0.078126551,-0.000178348,0.078126551,-0.000279024,0.078126551,121.25014,0.219805731
0.001234189,0.078124474,0.078124474,0.078124474,-0.000185175,0.078124474,-0.000280067,0.078124474,121.3784779,-0.220222486
0.001230855,0.078123505,0.078123505,0.078123505,-0.00018226,0.078123505,-0.000285292,0.078123505,121.2537217,0.219758047
0.001238026,0.078124315,0.078124315,0.078124315,-0.000187894,0.078124315,-0.000277292,0.078124315,121.3874471,-0.21990539
0.001232782,0.078124474,0.078124474,0.078124474,-0.000179745,0.078124474,-0.000278261,0.078124474,121.2489662,0.219554914
0.00123363,0.078126541,0.078126541,0.078126541,-0.000181664,0.078126541,-0.000276063,0.078126541,121.3887112,-0.219809068
0.001230054,0.078124809,0.078124809,0.078124809,-0.000175945,0.078124809,-0.000281157,0.078124809,121.2462875,0.219410433
0.001237067,0.078125172,0.078125172,0.078125172,-0.000179559,0.078125172,-0.000277199,0.078125172,121.3931055,-0.219492925
0.001231488,0.078122695,0.078122695,0.078122695,-0.000177724,0.078122695,-0.000283541,0.078122695,121.25014,0.219266428
0.00123309,0.078125647,0.078125647,0.078125647,-0.000179503,0.078125647,-0.000279034,0.078125647,121.3859723,-0.219450487
0.001229104,0.078122481,0.078122481,0.078122481,-0.000176011,0.078122481,-0.000279769,0.078122481,121.2519158,0.219181074
0.001230612,0.078122248,0.078122248,0.078122248,-0.000183061,0.078122248,-0.000280486,0.078122248,121.3838052,-0.219064726
0.001230678,0.078122732,0.078122732,0.078122732,-0.000175266,0.078122732,-0.00028233,0.078122732,121.2495381,0.2189932
0.001230016,0.078124558,0.078124558,0.078124558,-0.000180984,0.078124558,-0.000281883,0.078124558,121.385882,-0.219109071
0.001231404,0.078124409,0.078124409,0.078124409,-0.000177203,0.078124409,-0.000282126,0.078124409,121.2575742,0.218808664
0.001237635,0.078129475,0.078129475,0.078129475,-0.000180537,0.078129475,-0.000272244,0.078129475,121.3876879,-0.218980325
0.001232373,0.078121903,0.078121903,0.078121903,-0.000182409,0.078121903,-0.000282554,0.078121903,121.2498391,0.218682302
0.001233779,0.078124213,0.078124213,0.078124213,-0.000186004,0.078124213,-0.000280906,0.078124213,121.3815178,-0.218817724
0.001230575,0.078125377,0.078125377,0.078125377,-0.000177836,0.078125377,-0.000281604,0.078125377,121.2486652,0.218711389
0.001232131,0.078124204,0.078124204,0.078124204,-0.000183359,0.078124204,-0.000279937,0.078124204,121.3823304,-0.218575967
0.001231125,0.078123515,0.078123515,0.078123515,-0.000179578,0.078123515,-0.000279676,0.078123515,121.2566713,0.218511118
0.001230976,0.078122518,0.078122518,0.078122518,-0.000179149,0.078122518,-0.000283457,0.078122518,121.3847684,-0.21858312
0.00123037,0.078123468,0.078123468,0.078123468,-0.000174195,0.078123468,-0.000278885,0.078123468,121.2545945,0.218486322
0.001233388,0.078121559,0.078121559,0.078121559,-0.00018022,0.078121559,-0.000282861,0.078121559,121.3948813,-0.218424333
0.001234086,0.078125359,0.078125359,0.078125359,-0.000174977,0.078125359,-0.000280896,0.078125359,121.2545945,0.218177808
0.001234822,0.078122881,0.078122881,0.078122881,-0.000178209,0.078122881,-0.000281297,0.078122881,121.38835,-0.218300832
0.001234319,0.078125126,0.078125126,0.078125126,-0.000174185,0.078125126,-0.000278065,0.078125126,121.2537217,0.218048586
0.001230538,0.078123338,0.078123338,0.078123338,-0.000182763,0.078123338,-0.000279434,0.078123338,121.3847082,-0.218196405
0.001235539,0.078126756,0.078126756,0.078126756,-0.000176625,0.078126756,-0.000283765,0.078126756,121.2578752,0.217915071
0.001232736,0.078124371,0.078124371,0.078124371,-0.000183498,0.078124371,-0.000280924,0.078124371,121.3820295,-0.218009485
0.001231702,0.078124632,0.078124632,0.078124632,-0.000174977,0.078124632,-0.000280421,0.078124632,121.250441,0.217760576
0.001228713,0.078123114,0.078123114,0.078123114,-0.000184495,0.078123114,-0.000278447,0.078123114,121.3879889,-0.21794988
0.00123214,0.078124809,0.078124809,0.078124809,-0.000174623,0.078124809,-0.000280738,0.078124809,121.2542936,0.217614664
0.001236098,0.078127529,0.078127529,0.078127529,-0.00017901,0.078127529,-0.000275569,0.078127529,121.3885607,-0.217747224
0.001226366,0.078120357,0.078120357,0.078120357,-0.000180686,0.078120357,-0.000285218,0.078120357,121.2528188,0.217483533
0.001235632,0.078125508,0.078125508,0.078125508,-0.000177519,0.078125508,-0.00027501,0.078125508,121.3888617,-0.218002809
0.001235092,0.078122499,0.078122499,0.078122499,-0.000177361,0.078122499,-0.000283895,0.078122499,121.2495381,0.217566503
0.001233621,0.078125079,0.078125079,0.078125079,-0.000177426,0.078125079,-0.000279313,0.078125079,121.3879889,-0.217574133
0.001232326,0.078122825,0.078122825,0.078122825,-0.00017764,0.078122825,-0.000284649,0.078122825,121.2584471,0.217249883
0.001234505,0.078123515,0.078123515,0.078123515,-0.000181589,0.078123515,-0.000280617,0.078123515,121.3850092,-0.217237962
0.00123214,0.078124707,0.078124707,0.078124707,-0.000173189,0.078124707,-0.000284771,0.078124707,121.2560693,0.217152132
0.001233211,0.078124362,0.078124362,0.078124362,-0.000181803,0.078124362,-0.000280533,0.078124362,121.3894637,-0.217462553
0.001235483,0.078126169,0.078126169,0.078126169,-0.000177687,0.078126169,-0.000279471,0.078126169,121.2480633,0.217153085
0.001233993,0.078126392,0.078126392,0.078126392,-0.000182614,0.078126392,-0.0002746,0.078126392,121.3888617,-0.217155946
0.001229784,0.078123254,0.078123254,0.078123254,-0.00018076,0.078123254,-0.000280151,0.078123254,121.2539926,0.216853155
0.00123472,0.078125796,0.078125796,0.078125796,-0.000178246,0.078125796,-0.000275355,0.078125796,121.3945803,-0.216974271
0.001231348,0.078123915,0.078123915,0.078123915,-0.000179186,0.078123915,-0.000284147,0.078123915,121.251344,0.2170725
0.001234254,0.078125675,0.078125675,0.078125675,-0.000179615,0.078125675,-0.000275103,0.078125675,121.3918414,-0.216814054
0.00123363,0.078122788,0.078122788,0.078122788,-0.000177249,0.078122788,-0.000280915,0.078122788,121.2528188,0.216772092
0.001236098,0.07812439,0.07812439,0.07812439,-0.000179056,0.07812439,-0.000280002,0.07812439,121.3928045,-0.216874136
0.001232261,0.078124502,0.078124502,0.078124502,-0.000174297,0.078124502,-0.000280933,0.078124502,121.2623297,0.216694368
0.00123322,0.078125908,0.078125908,0.078125908,-0.000178367,0.078125908,-0.000277944,0.078125908,121.3951823,-0.216576589
0.001232177,0.078124297,0.078124297,0.078124297,-0.000177054,0.078124297,-0.000281883,0.078124297,121.2534207,0.216260923
0.001227642,0.078120981,0.078120981,0.078120981,-0.000185324,0.078120981,-0.000280151,0.078120981,121.3906375,-0.216815961
0.001235278,0.07812425,0.07812425,0.07812425,-0.000177464,0.07812425,-0.000280682,0.07812425,121.2620287,0.216352953
0.001241872,0.078127072,0.078127072,0.078127072,-0.000180304,0.078127072,-0.000274638,0.078127072,121.3927143,-0.216506971
0.00123119,0.078125498,0.078125498,0.078125498,-0.000180425,0.078125498,-0.000278354,0.078125498,121.2537217,0.216100229
0.001230426,0.078122872,0.078122872,0.078122872,-0.000185035,0.078122872,-0.000274498,0.078122872,121.3814275,-0.216576589
0.001232652,0.078123803,0.078123803,0.078123803,-0.000177994,0.078123803,-0.00028356,0.078123803,121.2543839,0.215963377
0.001235558,0.078124437,0.078124437,0.078124437,-0.000185957,0.078124437,-0.000277162,0.078124437,121.3856713,-0.216119779
0.001235241,0.078127845,0.078127845,0.078127845,-0.000174409,0.078127845,-0.000282358,0.078127845,121.2516148,0.215814603
0.001230808,0.078123012,0.078123012,0.078123012,-0.00018145,0.078123012,-0.000281986,0.078123012,121.3879889,-0.21605779
0.001233472,0.078126132,0.078126132,0.078126132,-0.00017493,0.078126132,-0.000274368,0.078126132,121.2548955,0.215849889
0.001230668,0.078120609,0.078120609,0.078120609,-0.000182111,0.078120609,-0.000281902,0.078120609,121.3888617,-0.215950979
0.001235083,0.078125219,0.078125219,0.078125219,-0.000171661,0.078125219,-0.000281474,0.078125219,121.2531197,0.215573324
0.001237579,0.078129559,0.078129559,0.078129559,-0.000176141,0.078129559,-0.000275569,0.078129559,121.398162,-0.215763105
0.001233565,0.078125647,0.078125647,0.078125647,-0.000174325,0.078125647,-0.000282293,0.078125647,121.2588384,0.215520872
0.001237728,0.078125061,0.078125061,0.078125061,-0.000181412,0.078125061,-0.000279266,0.078125061,121.3936172,-0.215530408
0.001234785,0.078125582,0.078125582,0.078125582,-0.000176253,0.078125582,-0.000280729,0.078125582,121.2519158,0.215117944
0.001235623,0.078127566,0.078127566,0.078127566,-0.000180611,0.078127566,-0.00027597,0.078127566,121.3882598,-0.215700162
0.001236023,0.078128162,0.078128162,0.078128162,-0.000174707,0.078128162,-0.000275569,0.078128162,121.2492371,0.215166582
0.001233574,0.078123105,0.078123105,0.078123105,-0.000184514,0.078123105,-0.000277413,0.078123105,121.3891627,-0.2156644
0.001234161,0.078127407,0.078127407,0.078127407,-0.000176718,0.078127407,-0.000274945,0.078127407,121.2582364,0.214963926
0.001232158,0.078120693,0.078120693,0.078120693,-0.000186758,0.078120693,-0.00028044,0.078120693,121.3802537,-0.215371622
0.001231637,0.078124828,0.078124828,0.078124828,-0.00017547,0.078124828,-0.000277367,0.078124828,121.2531799,0.214946283
0.001237188,0.078125405,0.078125405,0.078125405,-0.00017737,0.078125405,-0.000280328,0.078125405,121.3885607,-0.214906228
0.001236536,0.078124772,0.078124772,0.078124772,-0.000175834,0.078124772,-0.00028057,0.078124772,121.2534809,0.214788927
0.001231181,0.078123095,0.078123095,0.078123095,-0.000179289,0.078123095,-0.000282647,0.078123095,121.3915404,-0.215099824
0.001233378,0.078126113,0.078126113,0.078126113,-0.000170767,0.078126113,-0.000279145,0.078126113,121.2588384,0.214847578
0.001234012,0.078123068,0.078123068,0.078123068,-0.000176765,0.078123068,-0.000282023,0.078123068,121.3960551,-0.215029252
0.001234124,0.078122704,0.078122704,0.078122704,-0.000179801,0.078122704,-0.000284584,0.078122704,121.2570626,0.21420194
0.001234571,0.078126271,0.078126271,0.078126271,-0.000183918,0.078126271,-0.000279211,0.078126271,121.3897647,-0.214979185
0.001229234,0.078122285,0.078122285,0.078122285,-0.000181068,0.078122285,-0.00027989,0.078122285,121.2605539,0.214411271
0.001239013,0.078127929,0.078127929,0.078127929,-0.000178274,0.078127929,-0.000273539,0.078127929,121.3906375,-0.214957727
0.001229486,0.07812141,0.07812141,0.07812141,-0.000181412,0.07812141,-0.000280011,0.07812141,121.2582364,0.214231981
0.001232764,0.07812357,0.07812357,0.07812357,-0.000182623,0.07812357,-0.000281418,0.07812357,121.3909385,-0.214511884
0.001233043,0.078124707,0.078124707,0.078124707,-0.000178628,0.078124707,-0.000281539,0.078124707,121.25014,0.214278711
0.001233006,0.078125154,0.078125154,0.078125154,-0.000177929,0.078125154,-0.00027677,0.078125154,121.3826314,-0.214233888
0.001229746,0.07812263,0.07812263,0.07812263,-0.000178488,0.07812263,-0.000286326,0.07812263,121.2572733,0.21380998
0.001235567,0.078127519,0.078127519,0.078127519,-0.000175135,0.078127519,-0.000277804,0.078127519,121.3993358,-0.214076532
0.001237867,0.078126569,0.078126569,0.078126569,-0.000173142,0.078126569,-0.000284733,0.078126569,121.2560693,0.213893903
0.001236042,0.078126262,0.078126262,0.078126262,-0.000176067,0.078126262,-0.000277925,0.078126262,121.3880491,-0.213824285
0.001233658,0.078124679,0.078124679,0.078124679,-0.000178386,0.078124679,-0.000282014,0.078124679,121.2603132,0.213254941
0.001228079,0.078121326,0.078121326,0.078121326,-0.000182074,0.078121326,-0.000281474,0.078121326,121.3909385,-0.213877214
0.001229234,0.078123803,0.078123803,0.078123803,-0.000175154,0.078123803,-0.000284072,0.078123803,121.2567616,0.213204873
0.001234533,0.078122062,0.078122062,0.078122062,-0.000186246,0.078122062,-0.000280282,0.078122062,121.388651,-0.213776601
0.001233034,0.078124111,0.078124111,0.078124111,-0.000176877,0.078124111,-0.000284743,0.078124111,121.2537217,0.213328374
0.001234915,0.078122145,0.078122145,0.078122145,-0.000189142,0.078122145,-0.000282638,0.078122145,121.3927143,-0.21341945
0.001236945,0.078126504,0.078126504,0.078126504,-0.000179103,0.078126504,-0.000281911,0.078126504,121.2567616,0.213098539
0.001232056,0.078123608,0.078123608,0.078123608,-0.000187168,0.078123608,-0.00028207,0.078123608,121.3919919,-0.213083757
0.001232866,0.078123058,0.078123058,0.078123058,-0.000177128,0.078123058,-0.000283532,0.078123058,121.2585374,0.212676061
0.001231777,0.078121615,0.078121615,0.078121615,-0.000180239,0.078121615,-0.000282526,0.078121615,121.3939182,-0.212935937
0.001231339,0.078123887,0.078123887,0.078123887,-0.000174996,0.078123887,-0.00028288,0.078123887,121.259049,0.212474836
0.001234301,0.078122322,0.078122322,0.078122322,-0.000180248,0.078122322,-0.000279704,0.078122322,121.3963561,-0.212589753
0.001235455,0.078123114,0.078123114,0.078123114,-0.000174856,0.078123114,-0.000283625,0.078123114,121.2558587,0.212286485
0.001230901,0.078124269,0.078124269,0.078124269,-0.000178786,0.078124269,-0.000277562,0.078124269,121.3906375,-0.212469114
0.001230314,0.07812412,0.07812412,0.07812412,-0.000177389,0.07812412,-0.000283131,0.07812412,121.2579354,0.212166322
0.001239181,0.078128478,0.078128478,0.078128478,-0.000177072,0.078128478,-0.000277441,0.078128478,121.3894637,-0.21234752
0.001229253,0.078121792,0.078121792,0.078121792,-0.000181207,0.078121792,-0.000287825,0.078121792,121.2540829,0.211903108
0.001235306,0.078122872,0.078122872,0.078122872,-0.000184225,0.078122872,-0.000278866,0.078122872,121.3913297,-0.211987985
0.001227772,0.078122155,0.078122155,0.078122155,-0.000183973,0.078122155,-0.000282759,0.078122155,121.2588384,0.211828244
0.001236592,0.078126262,0.078126262,0.078126262,-0.000180341,0.078126262,-0.000276929,0.078126262,121.3888617,-0.21228267
0.001232307,0.078125536,0.078125536,0.078125536,-0.0001752,0.078125536,-0.00027799,0.078125536,121.2551965,0.211691392
